					
					
	Tabla N°:	5.1 			
	Nombre de la tabla:	Tasa de crecimiento promedio anual 2010-2022, según cantón de residencia			
	Fuente:	VIII Censo de Población y VII de Vivienda 			
	Elaboración:	Instituto Nacional de Estadística y Censos (INEC) - Componente de Metodología y Análisis – CPV 2022 			
					
					
Índice					
	Provincia y cantón de residencia		Población 2010	Población 2022	Tasa de crecimiento promedio anual 2010_2022
					
	Total Nacional	Total Nacional	14459077	16938986	1.31852664698925
	Azuay	Cuenca	507687	596101	1.3372643756847
	Azuay	Girón	12422	12182	-0.162506143971446
	Azuay	Gualaceo	42332	43188	0.166752004643927
	Azuay	Nabón	15484	14776	-0.389846902869445
	Azuay	Paute	25252	26782	0.489981760436294
	Azuay	Pucará	10057	9693	-0.30706756943025
	Azuay	San Fernando	3971	3738	-0.503663709202338
	Azuay	Santa Isabel	22715	20753	-0.75244545653179
	Azuay	Sígsig	26401	24992	-0.456842350899229
	Azuay	Oña	3546	3422	-0.296489884674472
	Azuay	Chordeleg	12508	12197	-0.209724399887956
	Azuay	El Pan	2979	2776	-0.58787015852589
	Azuay	Sevilla De Oro	5593	4613	-1.60457907602181
	Azuay	Guachapala	3353	3586	0.559593708582389
	Azuay	Camilo Ponce Enríquez	16466	22810	2.71460534934559
	Bolívar	Guaranda	91767	98130	0.558414802268114
	Bolívar	Chillanes	17431	19802	1.06228754109248
	Bolívar	Chimbo	15818	15524	-0.156272964070208
	Bolívar	Echeandía	12293	14654	1.46335964135527
	Bolívar	San Miguel	27238	28349	0.333003768786815
	Bolívar	Caluma	13157	15607	1.42239713006622
	Bolívar	Las Naves	6038	7012	1.24568232673744
	Cañar	Azogues	69948	74515	0.526828926757426
	Cañar	Biblián	20787	18852	-0.81386822277345
	Cañar	Cañar	59289	52150	-1.06867543601241
	Cañar	La Troncal	53958	62103	1.17103470421443
	Cañar	El Tambo	9416	9285	-0.116698172774005
	Cañar	Déleg	6011	6046	0.048359353938569
	Cañar	Suscal	5024	4627	-0.685667903308489
	Carchi	Tulcán	86710	92375	0.527152306844898
	Carchi	Bolívar	14209	15677	0.818951911276052
	Carchi	Espejo	13265	14522	0.754120264250312
	Carchi	Mira	12146	12727	0.389204144000509
	Carchi	Montúfar	30234	29590	-0.179340213778075
	Carchi	San Pedro De Huaca	7598	7937	0.363586606579331
	Cotopaxi	Latacunga	170192	217261	2.03383950837542
	Cotopaxi	La Maná	42109	53793	2.03975071210494
	Cotopaxi	Pangua	21936	21867	-0.0262419486398254
	Cotopaxi	Pujilí	68575	66980	-0.196026902145758
	Cotopaxi	Salcedo	58024	67493	1.25915146779245
	Cotopaxi	Saquisilí	24848	24356	-0.166582607049324
	Cotopaxi	Sigchos	22029	18460	-1.4722738793462
	Chimborazo	Riobamba	226769	260882	1.16726966351694
	Chimborazo	Alausí	44048	37275	-1.39067405359538
	Chimborazo	Colta	44424	30468	-3.14108997424692
	Chimborazo	Chambo	11894	13431	1.01229940151817
	Chimborazo	Chunchi	12701	10635	-1.47874379010826
	Chimborazo	Guamote	45092	35769	-1.92931279100676
	Chimborazo	Guano	42804	48327	1.01086220674355
	Chimborazo	Pallatanga	11365	11796	0.310042042029006
	Chimborazo	Penipe	6653	6748	0.118098439804874
	Chimborazo	Cumandá	12810	16602	2.15982256401949
	El Oro	Machala	245128	306309	1.85593481842529
	El Oro	Arenillas	26354	32366	1.71162196222379
	El Oro	Atahualpa	5760	6112	0.494079202694963
	El Oro	Balsas	6869	7875	1.13843557873535
	El Oro	Chilla	2523	2251	-0.950183690621384
	El Oro	El Guabo	49872	59536	1.47533840099132
	El Oro	Huaquillas	47936	56303	1.34006336391453
	El Oro	Marcabelí	5450	6870	1.92869013256673
	El Oro	Pasaje	72466	83597	1.19020775892612
	El Oro	Piñas	25811	29406	1.08615385186115
	El Oro	Portovelo	12097	13556	0.94849827715631
	El Oro	Santa Rosa	68861	80299	1.27997543259151
	El Oro	Zaruma	24112	24374	0.0900201325597305
	El Oro	Las Lajas	4752	5738	1.57049234269907
	Esmeraldas	Esmeraldas	189834	211848	0.913907943108432
	Esmeraldas	Eloy Alfaro	40074	46305	1.20380199914418
	Esmeraldas	Muisne	28486	36426	2.04798207223517
	Esmeraldas	Quinindé	122262	126841	0.306260576158851
	Esmeraldas	San Lorenzo	41808	48391	1.21799498157617
	Esmeraldas	Atacames	40875	51204	1.87663496219542
	Esmeraldas	Rioverde	27011	32885	1.63902189075643
	Guayas	Guayaquil	2350278	2746403	1.29739455296295
	Guayas	Alfredo Baquerizo Moreno (Juján)	24887	25526	0.2111699235343
	Guayas	Balao	20266	25655	1.96405216725806
	Guayas	Balzar	53865	57829	0.591475449981844
	Guayas	Colimes	23203	26251	1.02805142756518
	Guayas	Daule	119719	222446	5.16045234069429
	Guayas	Durán	233111	303910	2.2091318470545
	Guayas	El Empalme	74421	79767	0.577833857392162
	Guayas	El Triunfo	50732	60541	1.47236057470692
	Guayas	Milagro	166775	195943	1.34253865209485
	Guayas	Naranjal	68487	83691	1.66996661313998
	Guayas	Naranjito	37078	44169	1.45766259848148
	Guayas	Palestina	15977	18019	1.00184727465139
	Guayas	Pedro Carbo	43355	52177	1.542793427567
	Guayas	Samborondón	66845	98540	3.2325743609874
	Guayas	Santa Lucía	38850	43700	0.979886107486978
	Guayas	Salitre	57681	61060	0.474193118865231
	Guayas	San Jacinto De Yaguachi	60606	72699	1.51542245304036
	Guayas	Playas	41446	58768	2.90872276577217
	Guayas	Simón Bolívar	25310	29427	1.25536881967227
	Guayas	Coronel Marcelino Maridueña	11973	13183	0.801917211433394
	Guayas	Lomas De Sargentillo	18328	22254	1.61669363859596
	Guayas	Nobol	19476	23850	1.68757341031658
	Guayas	General  Antonio Elizalde	10618	11810	0.88622829660986
	Guayas	Isidro Ayora	10811	14305	2.33264313441068
	Imbabura	Ibarra	180845	217469	1.5360985921216
	Imbabura	Antonio Ante	43346	53771	1.79517913028148
	Imbabura	Cotacachi	44806	53001	1.39910049360976
	Imbabura	Otavalo	104836	114303	0.720134445025567
	Imbabura	Pimampiro	12907	13366	0.291070168212625
	Imbabura	San Miguel De Urcuquí	15567	17969	1.19524390894731
	Loja	Loja	216118	250028	1.21401529491442
	Loja	Calvas	28272	26042	-0.684364973501681
	Loja	Catamayo	30395	35240	1.23196812303885
	Loja	Celica	14460	14379	-0.0467903669107799
	Loja	Chaguarpamba	7043	6857	-0.222933099572839
	Loja	Espíndola	14969	14119	-0.486944216923426
	Loja	Gonzanamá	12759	12247	-0.341143359280385
	Loja	Macará	19062	18215	-0.378588745550916
	Loja	Paltas	23823	22841	-0.350626012753554
	Loja	Puyango	15673	16257	0.304728342805955
	Loja	Saraguro	30158	29111	-0.294316594859992
	Loja	Sozoranga	7462	6970	-0.568142657683362
	Loja	Zapotillo	12291	14571	1.41740249090802
	Loja	Pindal	8656	10409	1.53611603073164
	Loja	Quilanga	4360	3971	-0.778428763174752
	Loja	Olmedo	4841	4164	-1.25480336546703
	Los Ríos	Babahoyo	154675	178509	1.19372890747089
	Los Ríos	Baba	39670	45296	1.10469135675049
	Los Ríos	Montalvo	23992	28354	1.39142857989018
	Los Ríos	Puebloviejo	36449	40961	0.972109208347232
	Los Ríos	Quevedo	173631	206008	1.42420505534142
	Los Ríos	Urdaneta	29294	33151	1.03028092869813
	Los Ríos	Ventanas	66487	73211	0.802460605230874
	Los Ríos	Vinces	71968	80909	0.975417025387777
	Los Ríos	Palenque	22329	24838	0.886998781724892
	Los Ríos	Buena Fe	62901	74410	1.39959657795425
	Los Ríos	Valencia	41989	51509	1.70213002554907
	Los Ríos	Mocache	38430	42026	0.74507703046726
	Los Ríos	Quinsaloma	16320	19470	1.47002433807792
	Manabí	Portoviejo	281747	322925	1.13623611232695
	Manabí	Bolívar	40221	41827	0.326124557448565
	Manabí	Chone	127114	128166	0.0686517945286358
	Manabí	El Carmen	109169	120936	0.852646828730446
	Manabí	Flavio Alfaro	25268	26415	0.369774966148707
	Manabí	Jipijapa	71390	78117	0.75007332825468
	Manabí	Junín	19029	22324	1.33021094446158
	Manabí	Manta	225961	271145	1.51840095897766
	Manabí	Montecristi	69042	99937	3.08046816341043
	Manabí	Paján	37497	41879	0.920609448681427
	Manabí	Pichincha	30479	30380	-0.0270994984136558
	Manabí	Rocafuerte	33589	42688	1.99674839172039
	Manabí	Santa Ana	47815	51462	0.612256042987548
	Manabí	Sucre	57407	62841	0.753335007929837
	Manabí	Tosagua	38189	42853	0.959796222153621
	Manabí	24 De Mayo	28885	31473	0.714737020932084
	Manabí	Pedernales	55268	70408	2.01668592115786
	Manabí	Olmedo	9911	10090	0.149095111215094
	Manabí	Puerto López	20215	25630	1.97691927449533
	Manabí	Jama	23196	16588	-2.79289393621571
	Manabí	Jaramijó	18295	29759	4.05234801926511
	Manabí	San Vicente	21874	24997	1.11163491043875
	Morona Santiago	Morona	40975	54935	2.44212273815331
	Morona Santiago	Gualaquiza	17168	21892	2.02469287764869
	Morona Santiago	Limón Indanza	9682	9602	-0.0691107876356737
	Morona Santiago	Palora	6835	11882	4.60596498428888
	Morona Santiago	Santiago	9355	9755	0.348749206695413
	Morona Santiago	Sucúa	18031	23504	2.20797613036539
	Morona Santiago	Huamboya	8484	10830	2.03355497200638
	Morona Santiago	San Juan Bosco	3886	4372	0.981553629987477
	Morona Santiago	Taisha	18518	26700	3.04794435608919
	Morona Santiago	Logroño	5876	7484	2.01483956610174
	Morona Santiago	Pablo Sexto	1760	2267	2.10856687137144
	Morona Santiago	Tiwintza	7085	9285	2.25247415350616
	Napo	Tena	60495	80816	2.41235054284057
	Napo	Archidona	24925	30488	1.67808248332121
	Napo	El Chaco	7894	9252	1.3222026472368
	Napo	Quijos	5926	6472	0.734129202892708
	Napo	Carlos Julio Arosemena Tola	3621	4647	2.07798131108075
	Pastaza	Pastaza	61845	82754	2.42590142104381
	Pastaza	Mera	11565	15087	2.21440677347572
	Pastaza	Santa Clara	3531	4521	2.05866073365291
	Pastaza	Arajuno	6537	9553	3.16003120218867
	Pichincha	Distrito Metropolitano De Quito	2242615	2679722	1.48324323758116
	Pichincha	Cayambe	85399	105267	1.74225102313296
	Pichincha	Mejía	80939	101894	1.91776824588969
	Pichincha	Pedro Moncayo	32953	40483	1.71421582854742
	Pichincha	Rumiñahui	85470	107904	1.94141772256766
	Pichincha	San Miguel De Los Bancos	17742	13661	-2.1772529221922
	Pichincha	Pedro Vicente Maldonado	12816	15475	1.57037816771566
	Pichincha	Puerto Quito	20295	25067	1.75901088019109
	Tungurahua	Ambato	329296	370664	0.985707817954551
	Tungurahua	Baños De Agua Santa	19640	21908	0.910280713332538
	Tungurahua	Cevallos	8131	10433	2.07646802658486
	Tungurahua	Mocha	6716	7260	0.648762841438042
	Tungurahua	Patate	13284	13879	0.364971703414173
	Tungurahua	Quero	19026	19084	0.025353613587455
	Tungurahua	San Pedro De Pelileo	56403	63897	1.03910938204525
	Tungurahua	Santiago De Píllaro	38337	42497	0.858091493308108
	Tungurahua	Tisaleo	12088	13910	1.16942252515275
	Zamora Chinchipe	Zamora	25177	30186	1.51137122111607
	Zamora Chinchipe	Chinchipe	8992	10337	1.16108980896348
	Zamora Chinchipe	Nangaritza	5124	6429	1.88983390485276
	Zamora Chinchipe	Yacuambi	5833	6391	0.760980044666255
	Zamora Chinchipe	Yantzaza	18515	23370	1.93971373750788
	Zamora Chinchipe	El Pangui	8566	12768	3.32465823716821
	Zamora Chinchipe	Centinela Del Cóndor	6431	7882	1.69465644777115
	Zamora Chinchipe	Palanda	8041	8873	0.820121384409496
	Zamora Chinchipe	Paquisha	3728	4737	1.9951900136506
	Galápagos	San Cristóbal	7165	8300	1.2248361601023
	Galápagos	Isabela	2202	3050	2.71355720210804
	Galápagos	Santa Cruz	14263	17233	1.57559204123065
	Sucumbíos	Lago Agrio	91847	105044	1.11828237562614
	Sucumbíos	Gonzalo Pizarro	8477	10356	1.66765058457334
	Sucumbíos	Putumayo	9861	9018	-0.744368466983673
	Sucumbíos	Shushufindi	43230	50826	1.3483287914022
	Sucumbíos	Sucumbíos	3390	3174	-0.548393752628294
	Sucumbíos	Cascales	10973	11744	0.565614743956569
	Sucumbíos	Cuyabeno	6703	8852	2.31634426532951
	Orellana	Francisco De Orellana	72105	95130	2.30828754745737
	Orellana	Aguarico	4840	6872	2.91983727391595
	Orellana	La Joya De Los Sachas	36730	52444	2.96657934593878
	Orellana	Loreto	21014	27720	2.30699068005749
	Santo Domingo De Los Tsáchilas	Santo Domingo	367323	441583	1.53366992632675
	Santo Domingo De Los Tsáchilas	La Concordia	42705	51386	1.54137744486391
	Santa Elena	Santa Elena	143310	186687	2.2025217958704
	Santa Elena	La Libertad	95193	112247	1.37266813194179
	Santa Elena	Salinas	68035	86801	2.02903902894737
					
	Nota 1. En el censo 2022, las viviendas ocupadas con personas ausentes fueron el insumo base para calcular la población no censada. Estas viviendas se incorporan a la categoría de viviendas particulares ocupadas al calcular indicadores y generar tabulados en los que esta condición de ocupación forme parte del cálculo.				
	Nota 2. Para fines de comparabilidad intercensal, la población de 2010 corresponde a aquella que declaró residir habitualmente en Ecuador. Es decir, se excluye a personas censadas que declararon residir en el exterior (turistas u otra condición de permanencia temporal en el país).				