년,국적지역,등록외국인 수
2011,중국,147301
2011,한국계중국인,389398
2011,베트남,110564
2011,필리핀,38366
2011,인도네시아,29573
2011,태국,25977
2011,우즈베키스탄,24380
2011,타이완,21381
2011,몽골,21278
2011,일본,21126
2011,스리랑카,20483
2011,캄보디아,16784
2011,네팔,12603
2011,방글라데시,10561
2011,파키스탄,8215
2011,미얀마,5606
2011,인도,5363
2011,키르기스스탄,1985
2011,카자흐스탄,1237
2011,사우디아라비아,1164
2011,말레이시아,1155
2011,이란,623
2011,티모르민주공화국,600
2011,홍콩,550
2011,터키,493
2011,싱가포르,479
2011,라오스,235
2011,이라크,203
2011,요르단,200
2011,아프가니스탄,172
2011,이스라엘,122
2011,타지키스탄,87
2011,아랍에미리트연합,58
2011,시리아,56
2011,예멘공화국,54
2011,오만,44
2011,레바논,23
2011,팔레스타인,23
2011,투르크메니스탄,19
2011,브루나이,18
2011,쿠웨이트,14
2011,마카오,13
2011,부탄,12
2011,키프로스,12
2011,카타르,8
2011,바레인,1
2011,홍콩거주난민,1
2011,몰디브,1
2011,미국,26466
2011,캐나다,6572
2011,브라질,586
2011,멕시코,390
2011,페루,222
2011,콜롬비아,120
2011,아르헨티나,79
2011,과테말라,78
2011,칠레,66
2011,에콰도르,66
2011,파라과이,51
2011,베네수엘라,49
2011,엘살바도르,36
2011,볼리비아,35
2011,도미니카공화국,25
2011,코스타리카,23
2011,온두라스,18
2011,파나마,15
2011,우루과이,12
2011,아이티,8
2011,자메이카,8
2011,벨리즈,7
2011,쿠바,6
2011,니카라과,6
2011,트리니다드토바고,3
2011,수리남,2
2011,앤티카바부다,1
2011,도미니카연방,1
2011,가이아나,1
2011,세인트크리스토퍼네비스,1
2011,세인트빈센트그레나딘,1
2011,영국,4748
2011,러시아연방,3771
2011,한국계러시아인,2227
2011,프랑스,2126
2011,독일,1610
2011,아일랜드,906
2011,노르웨이,758
2011,우크라이나,526
2011,네덜란드,341
2011,이탈리아,340
2011,스웨덴,336
2011,스페인,290
2011,폴란드,264
2011,그리스,227
2011,루마니아,191
2011,벨기에,175
2011,핀란드,175
2011,덴마크,154
2011,스위스,149
2011,벨로루시,127
2011,오스트리아,111
2011,불가리아,109
2011,아제르바이잔,106
2011,크로아티아,91
2011,체코,73
2011,아르메니아,70
2011,헝가리,58
2011,포르투갈,52
2011,리투아니아,40
2011,몰도바,33
2011,슬로바크,33
2011,라트비아,21
2011,세르비아,20
2011,슬로베니아,13
2011,그루지야,11
2011,알바니아,10
2011,에스토니아,10
2011,세르비아몬테네그로,10
2011,마케도니아,9
2011,영국외지민,7
2011,아이슬란드,5
2011,몰타,5
2011,보스니아-헤르체고비나,3
2011,룩셈부르크,3
2011,유고슬라비아,2
2011,안도라,1
2011,코소보,1
2011,몬테네그로,1
2011,오스트레일리아,1753
2011,뉴질랜드,1021
2011,피지,25
2011,파푸아뉴기니,5
2011,팔라우,3
2011,통가,3
2011,나우루,2
2011,사모아,2
2011,솔로몬군도,2
2011,키리바시,1
2011,미이크로네시아,1
2011,투발루,1
2011,남아프리카공화국,1881
2011,나이지리아,1230
2011,이집트,288
2011,가나,280
2011,카메룬,213
2011,우간다,179
2011,에티오피아,173
2011,케냐,147
2011,모로코,146
2011,수단,121
2011,콩고민주공화국,116
2011,탄자니아,114
2011,코트디부아르,92
2011,리비아,91
2011,르완다,67
2011,앙골라,57
2011,알제리,54
2011,라이베리아,48
2011,튀니지,40
2011,세네갈,38
2011,가봉,27
2011,짐바브웨,27
2011,잠비아,22
2011,부룬디,20
2011,기니,17
2011,토고,16
2011,콩고,15
2011,시에라리온,9
2011,모잠비크,8
2011,차드,6
2011,베냉,6
2011,마다가스카르,6
2011,말라위,6
2011,말리,5
2011,모리타니,5
2011,모리셔스,5
2011,감비아,4
2011,기니비사우,4
2011,중앙아프리카공화국,3
2011,니제르,3
2011,소말리아,3
2011,보츠와나,2
2011,나미비아,2
2011,부르키나파소,2
2011,에리트레아,1
2011,레소토,1
2011,스와질란드,1
2011,무국적,117
2012,중국,151945
2012,한국계중국인,322861
2012,베트남,114211
2012,필리핀,33194
2012,인도네시아,29812
2012,우즈베키스탄,28022
2012,캄보디아,23351
2012,일본,22648
2012,태국,21423
2012,타이완,21176
2012,스리랑카,21002
2012,몽골,19779
2012,네팔,17824
2012,방글라데시,10766
2012,미얀마,8272
2012,파키스탄,7876
2012,인도,5959
2012,키르기스스탄,2243
2012,카자흐스탄,1435
2012,말레이시아,1295
2012,티모르민주공화국,1012
2012,사우디아라비아,766
2012,홍콩,710
2012,싱가포르,630
2012,이란,606
2012,터키,513
2012,라오스,316
2012,요르단,236
2012,아프가니스탄,201
2012,시리아,193
2012,이라크,192
2012,타지키스탄,121
2012,이스라엘,99
2012,아랍에미리트연합,99
2012,예멘공화국,58
2012,브루나이,40
2012,투르크메니스탄,32
2012,팔레스타인,28
2012,레바논,21
2012,마카오,21
2012,부탄,18
2012,키프로스,15
2012,쿠웨이트,15
2012,카타르,12
2012,오만,4
2012,몰디브,3
2012,미국,23440
2012,캐나다,6272
2012,브라질,579
2012,멕시코,352
2012,페루,222
2012,콜롬비아,143
2012,과테말라,82
2012,아르헨티나,78
2012,에콰도르,60
2012,파라과이,54
2012,칠레,53
2012,베네수엘라,53
2012,볼리비아,38
2012,엘살바도르,33
2012,코스타리카,28
2012,도미니카공화국,28
2012,온두라스,23
2012,파나마,16
2012,자메이카,11
2012,우루과이,11
2012,벨리즈,10
2012,아이티,10
2012,쿠바,9
2012,니카라과,8
2012,트리니다드토바고,4
2012,앤티카바부다,2
2012,수리남,2
2012,도미니카연방,1
2012,가이아나,1
2012,세인트크리스토퍼네비스,1
2012,세인트루시아,1
2012,영국,4956
2012,러시아연방,3858
2012,한국계러시아인,1391
2012,프랑스,2342
2012,독일,1736
2012,노르웨이,909
2012,아일랜드,886
2012,우크라이나,656
2012,네덜란드,396
2012,스페인,392
2012,이탈리아,367
2012,스웨덴,356
2012,폴란드,287
2012,그리스,242
2012,덴마크,207
2012,루마니아,206
2012,핀란드,198
2012,벨기에,172
2012,스위스,172
2012,오스트리아,135
2012,불가리아,131
2012,벨로루시,124
2012,크로아티아,101
2012,아제르바이잔,97
2012,체코,81
2012,헝가리,70
2012,포르투갈,68
2012,아르메니아,61
2012,몰도바,46
2012,리투아니아,37
2012,슬로바크,37
2012,세르비아,33
2012,라트비아,22
2012,그루지야,17
2012,슬로베니아,16
2012,알바니아,11
2012,에스토니아,11
2012,아이슬란드,9
2012,세르비아몬테네그로,9
2012,영국외지민,8
2012,룩셈부르크,7
2012,마케도니아,7
2012,몰타,5
2012,몬테네그로,3
2012,유고슬라비아,3
2012,보스니아-헤르체고비나,2
2012,코소보,1
2012,오스트레일리아,1845
2012,뉴질랜드,1028
2012,피지,23
2012,솔로몬군도,5
2012,팔라우,3
2012,파푸아뉴기니,3
2012,사모아,3
2012,통가,3
2012,나우루,2
2012,투발루,2
2012,키리바시,1
2012,남아프리카공화국,2031
2012,나이지리아,1367
2012,카메룬,354
2012,이집트,313
2012,가나,275
2012,에티오피아,242
2012,우간다,231
2012,케냐,186
2012,모로코,155
2012,탄자니아,137
2012,콩고민주공화국,124
2012,리비아,120
2012,수단,119
2012,앙골라,83
2012,코트디부아르,72
2012,라이베리아,64
2012,르완다,61
2012,알제리,58
2012,튀니지,54
2012,세네갈,36
2012,짐바브웨,31
2012,잠비아,26
2012,가봉,25
2012,기니,24
2012,부룬디,21
2012,토고,21
2012,콩고,17
2012,말라위,15
2012,모잠비크,14
2012,부르키나파소,13
2012,시에라리온,10
2012,모리셔스,9
2012,말리,8
2012,차드,7
2012,베냉,7
2012,마다가스카르,7
2012,중앙아프리카공화국,6
2012,소말리아,6
2012,감비아,5
2012,스와질란드,5
2012,기니비사우,4
2012,모리타니,4
2012,니제르,4
2012,나미비아,3
2012,세이셸,3
2012,에리트레아,2
2012,남수단공화국,2
2012,레소토,1
2012,무국적,122
2013,중국,161098
2013,한국계중국인,329835
2013,베트남,113843
2013,필리핀,38768
2013,인도네시아,33195
2013,우즈베키스탄,30699
2013,캄보디아,30664
2013,태국,26185
2013,일본,23087
2013,스리랑카,21883
2013,타이완,21187
2013,네팔,20746
2013,몽골,18382
2013,미얀마,11499
2013,방글라데시,10888
2013,파키스탄,8273
2013,인도,6686
2013,키르기스스탄,2362
2013,카자흐스탄,1704
2013,말레이시아,1596
2013,티모르민주공화국,1201
2013,사우디아라비아,1142
2013,홍콩,968
2013,싱가포르,726
2013,이란,664
2013,터키,530
2013,시리아,519
2013,라오스,381
2013,아랍에미리트연합,330
2013,요르단,230
2013,아프가니스탄,208
2013,이라크,195
2013,타지키스탄,148
2013,이스라엘,106
2013,예멘공화국,98
2013,브루나이,89
2013,투르크메니스탄,36
2013,팔레스타인,32
2013,마카오,31
2013,레바논,29
2013,쿠웨이트,20
2013,부탄,15
2013,키프로스,13
2013,카타르,8
2013,오만,5
2013,몰디브,4
2013,바레인,1
2013,홍콩거주난민,1
2013,미국,23990
2013,캐나다,6004
2013,브라질,713
2013,멕시코,345
2013,페루,245
2013,콜롬비아,153
2013,과테말라,86
2013,에콰도르,79
2013,아르헨티나,74
2013,파라과이,57
2013,베네수엘라,57
2013,칠레,54
2013,볼리비아,53
2013,도미니카공화국,37
2013,엘살바도르,32
2013,온두라스,28
2013,코스타리카,27
2013,파나마,19
2013,자메이카,17
2013,쿠바,15
2013,니카라과,15
2013,우루과이,14
2013,벨리즈,10
2013,트리니다드토바고,10
2013,아이티,4
2013,세인트크리스토퍼네비스,2
2013,세인트루시아,2
2013,수리남,2
2013,앤티카바부다,1
2013,바하마,1
2013,도미니카연방,1
2013,가이아나,1
2013,영국,5500
2013,러시아연방,4061
2013,한국계러시아인,951
2013,프랑스,2883
2013,독일,1913
2013,노르웨이,1306
2013,아일랜드,874
2013,우크라이나,778
2013,이탈리아,470
2013,네덜란드,462
2013,스페인,426
2013,스웨덴,383
2013,폴란드,325
2013,덴마크,301
2013,루마니아,265
2013,그리스,235
2013,벨기에,209
2013,핀란드,205
2013,스위스,187
2013,오스트리아,172
2013,불가리아,137
2013,벨로루시,136
2013,크로아티아,127
2013,아제르바이잔,103
2013,체코,102
2013,헝가리,91
2013,포르투갈,80
2013,아르메니아,58
2013,슬로바크,50
2013,몰도바,48
2013,리투아니아,41
2013,세르비아,39
2013,알바니아,17
2013,그루지야,16
2013,슬로베니아,16
2013,아이슬란드,13
2013,에스토니아,11
2013,라트비아,11
2013,영국외지민,8
2013,세르비아몬테네그로,6
2013,룩셈부르크,5
2013,마케도니아,5
2013,몰타,5
2013,몬테네그로,5
2013,보스니아-헤르체고비나,1
2013,코소보,1
2013,유고슬라비아,1
2013,오스트레일리아,2006
2013,뉴질랜드,984
2013,피지,26
2013,파푸아뉴기니,7
2013,솔로몬군도,6
2013,사모아,3
2013,통가,3
2013,나우루,2
2013,팔라우,2
2013,키리바시,1
2013,남아프리카공화국,1886
2013,나이지리아,1482
2013,카메룬,502
2013,이집트,479
2013,에티오피아,391
2013,가나,342
2013,우간다,259
2013,리비아,216
2013,케냐,199
2013,모로코,183
2013,콩고민주공화국,135
2013,탄자니아,120
2013,수단,109
2013,앙골라,93
2013,르완다,91
2013,라이베리아,90
2013,코트디부아르,89
2013,튀니지,78
2013,알제리,69
2013,세네갈,46
2013,기니,38
2013,짐바브웨,38
2013,가봉,32
2013,부룬디,27
2013,잠비아,25
2013,콩고,23
2013,말라위,22
2013,토고,17
2013,말리,14
2013,모리셔스,14
2013,모잠비크,14
2013,부르키나파소,14
2013,시에라리온,13
2013,감비아,9
2013,마다가스카르,9
2013,차드,8
2013,베냉,7
2013,모리타니,7
2013,소말리아,7
2013,스와질란드,7
2013,중앙아프리카공화국,5
2013,기니비사우,4
2013,레소토,4
2013,니제르,4
2013,에리트레아,3
2013,보츠와나,2
2013,적도기니,2
2013,나미비아,2
2013,코모로,1
2013,남수단공화국,1
2013,무국적,154
2014,중국,171174
2014,한국계중국인,375572
2014,베트남,122571
2014,필리핀,43155
2014,인도네시아,38718
2014,캄보디아,37299
2014,우즈베키스탄,34710
2014,태국,26827
2014,네팔,25493
2014,스리랑카,24582
2014,일본,23237
2014,타이완,21014
2014,몽골,17334
2014,미얀마,14694
2014,방글라데시,12065
2014,파키스탄,9017
2014,인도,7583
2014,키르기스스탄,2686
2014,카자흐스탄,2176
2014,말레이시아,2083
2014,티모르민주공화국,1316
2014,홍콩,1292
2014,사우디아라비아,889
2014,싱가포르,786
2014,이란,740
2014,시리아,688
2014,터키,594
2014,아랍에미리트연합,577
2014,라오스,430
2014,요르단,281
2014,이라크,253
2014,아프가니스탄,230
2014,예멘공화국,230
2014,타지키스탄,185
2014,이스라엘,126
2014,브루나이,112
2014,투르크메니스탄,48
2014,마카오,46
2014,쿠웨이트,44
2014,팔레스타인,35
2014,레바논,28
2014,오만,25
2014,키프로스,17
2014,부탄,7
2014,몰디브,4
2014,바레인,2
2014,카타르,2
2014,홍콩거주난민,1
2014,미국,24890
2014,캐나다,5747
2014,브라질,694
2014,멕시코,409
2014,페루,252
2014,콜롬비아,218
2014,에콰도르,135
2014,베네수엘라,90
2014,아르헨티나,89
2014,과테말라,89
2014,칠레,82
2014,볼리비아,55
2014,파라과이,55
2014,도미니카공화국,44
2014,엘살바도르,40
2014,파나마,30
2014,온두라스,28
2014,코스타리카,27
2014,자메이카,23
2014,우루과이,19
2014,쿠바,18
2014,니카라과,17
2014,트리니다드토바고,13
2014,벨리즈,9
2014,아이티,4
2014,수리남,3
2014,바하마,2
2014,바베이도스,2
2014,가이아나,2
2014,세인트크리스토퍼네비스,2
2014,세인트루시아,2
2014,도미니카연방,1
2014,영국,5382
2014,러시아연방,4365
2014,한국계러시아인,745
2014,프랑스,3481
2014,독일,2053
2014,노르웨이,1664
2014,우크라이나,1006
2014,이탈리아,746
2014,아일랜드,720
2014,스페인,518
2014,네덜란드,509
2014,스웨덴,439
2014,폴란드,381
2014,덴마크,318
2014,그리스,263
2014,루마니아,244
2014,스위스,217
2014,핀란드,215
2014,벨기에,203
2014,오스트리아,161
2014,벨로루시,141
2014,체코,140
2014,헝가리,135
2014,불가리아,132
2014,아제르바이잔,107
2014,크로아티아,104
2014,포르투갈,97
2014,몰도바,70
2014,아르메니아,68
2014,슬로바크,55
2014,리투아니아,53
2014,세르비아,47
2014,슬로베니아,30
2014,그루지야,23
2014,라트비아,18
2014,알바니아,17
2014,아이슬란드,14
2014,에스토니아,12
2014,영국외지민,7
2014,몬테네그로,7
2014,룩셈부르크,6
2014,마케도니아,6
2014,몰타,5
2014,세르비아몬테네그로,5
2014,보스니아-헤르체고비나,4
2014,코소보,2
2014,영국속령지시민,1
2014,리히텐슈타인,1
2014,유고슬라비아,1
2014,오스트레일리아,2400
2014,뉴질랜드,956
2014,피지,41
2014,파푸아뉴기니,13
2014,솔로몬군도,8
2014,나우루,3
2014,통가,3
2014,키리바시,2
2014,마샬군도,2
2014,팔라우,2
2014,사모아,1
2014,바누아투,1
2014,남아프리카공화국,1916
2014,나이지리아,1680
2014,이집트,1053
2014,카메룬,599
2014,가나,455
2014,에티오피아,448
2014,우간다,338
2014,리비아,271
2014,모로코,262
2014,케냐,226
2014,콩고민주공화국,150
2014,알제리,146
2014,탄자니아,138
2014,라이베리아,137
2014,수단,136
2014,르완다,126
2014,코트디부아르,108
2014,튀니지,104
2014,앙골라,77
2014,세네갈,70
2014,콩고,58
2014,기니,52
2014,부룬디,44
2014,가봉,39
2014,짐바브웨,38
2014,잠비아,34
2014,토고,24
2014,시에라리온,21
2014,감비아,18
2014,모잠비크,18
2014,말리,17
2014,말라위,16
2014,모리셔스,16
2014,마다가스카르,13
2014,부르키나파소,11
2014,레소토,9
2014,스와질란드,9
2014,차드,8
2014,베냉,8
2014,모리타니,8
2014,중앙아프리카공화국,5
2014,에리트레아,5
2014,니제르,4
2014,소말리아,4
2014,보츠와나,3
2014,코모로,3
2014,나미비아,3
2014,남수단공화국,3
2014,적도기니,2
2014,기니비사우,1
2014,기타,158
2015,중국,187934
2015,한국계중국인,380091
2015,베트남,128042
2015,필리핀,45282
2015,캄보디아,41991
2015,인도네시아,40045
2015,우즈베키스탄,36945
2015,네팔,29189
2015,태국,27927
2015,스리랑카,25171
2015,일본,23046
2015,타이완,20485
2015,몽골,18493
2015,미얀마,18123
2015,방글라데시,12328
2015,파키스탄,9738
2015,인도,8297
2015,카자흐스탄,3022
2015,키르기스스탄,3001
2015,말레이시아,2330
2015,티모르민주공화국,1463
2015,홍콩,1401
2015,시리아,1055
2015,사우디아라비아,907
2015,이란,807
2015,싱가포르,752
2015,터키,660
2015,아랍에미리트연합,531
2015,라오스,491
2015,이라크,302
2015,예멘공화국,282
2015,요르단,263
2015,아프가니스탄,220
2015,타지키스탄,205
2015,이스라엘,138
2015,브루나이,65
2015,마카오,59
2015,투르크메니스탄,57
2015,쿠웨이트,42
2015,팔레스타인,32
2015,레바논,26
2015,오만,19
2015,키프로스,12
2015,부탄,10
2015,바레인,9
2015,카타르,8
2015,몰디브,5
2015,홍콩거주난민,2
2015,미국,24094
2015,캐나다,5433
2015,브라질,644
2015,멕시코,496
2015,페루,288
2015,콜롬비아,219
2015,에콰도르,187
2015,베네수엘라,98
2015,칠레,93
2015,아르헨티나,92
2015,과테말라,91
2015,도미니카공화국,68
2015,볼리비아,60
2015,파라과이,54
2015,엘살바도르,44
2015,코스타리카,41
2015,파나마,36
2015,자메이카,29
2015,쿠바,25
2015,온두라스,25
2015,우루과이,20
2015,니카라과,18
2015,트리니다드토바고,13
2015,아이티,10
2015,벨리즈,6
2015,바하마,3
2015,세인트크리스토퍼네비스,3
2015,바베이도스,2
2015,가이아나,2
2015,세인트루시아,2
2015,수리남,2
2015,도미니카연방,1
2015,그레나다,1
2015,영국,5090
2015,러시아연방,4761
2015,프랑스,3703
2015,독일,2088
2015,노르웨이,1527
2015,우크라이나,1476
2015,아일랜드,708
2015,이탈리아,621
2015,네덜란드,549
2015,한국계러시아인,542
2015,스페인,537
2015,스웨덴,413
2015,폴란드,351
2015,덴마크,330
2015,벨기에,238
2015,루마니아,238
2015,그리스,222
2015,스위스,216
2015,핀란드,212
2015,오스트리아,190
2015,벨로루시,164
2015,불가리아,132
2015,체코,127
2015,헝가리,124
2015,아제르바이잔,113
2015,포르투갈,106
2015,크로아티아,79
2015,아르메니아,74
2015,세르비아,57
2015,리투아니아,55
2015,몰도바,49
2015,슬로바크,45
2015,라트비아,35
2015,슬로베니아,29
2015,그루지야,24
2015,알바니아,20
2015,아이슬란드,17
2015,에스토니아,12
2015,룩셈부르크,12
2015,영국외지민,9
2015,마케도니아,6
2015,몰타,5
2015,세르비아몬테네그로,5
2015,몬테네그로,4
2015,보스니아-헤르체고비나,2
2015,코소보,1
2015,유고슬라비아,1
2015,오스트레일리아,2333
2015,뉴질랜드,869
2015,피지,46
2015,파푸아뉴기니,21
2015,솔로몬군도,9
2015,나우루,3
2015,통가,3
2015,마샬군도,2
2015,팔라우,1
2015,사모아,1
2015,이집트,1856
2015,남아프리카공화국,1854
2015,나이지리아,1847
2015,가나,679
2015,카메룬,676
2015,에티오피아,504
2015,우간다,441
2015,모로코,365
2015,케냐,276
2015,리비아,251
2015,라이베리아,213
2015,콩고민주공화국,163
2015,수단,159
2015,탄자니아,157
2015,르완다,148
2015,알제리,139
2015,코트디부아르,136
2015,튀니지,132
2015,세네갈,89
2015,앙골라,74
2015,잠비아,72
2015,콩고,71
2015,부룬디,59
2015,짐바브웨,59
2015,기니,53
2015,가봉,44
2015,감비아,35
2015,시에라리온,35
2015,토고,31
2015,말리,23
2015,말라위,22
2015,마다가스카르,18
2015,모잠비크,18
2015,모리셔스,14
2015,부르키나파소,14
2015,베냉,10
2015,모리타니,10
2015,소말리아,10
2015,차드,9
2015,중앙아프리카공화국,8
2015,남수단공화국,8
2015,보츠와나,7
2015,에리트레아,7
2015,스와질란드,6
2015,레소토,5
2015,니제르,5
2015,기니비사우,3
2015,코모로,2
2015,적도기니,2
2015,나미비아,2
2015,기타,156
2016,중국,207259
2016,한국계중국인,341863
2016,베트남,137769
2016,필리핀,46069
2016,캄보디아,44538
2016,우즈베키스탄,42106
2016,인도네시아,39130
2016,네팔,33060
2016,태국,29292
2016,스리랑카,26036
2016,일본,23267
2016,미얀마,21275
2016,타이완,20413
2016,몽골,20116
2016,방글라데시,13180
2016,파키스탄,10426
2016,인도,8303
2016,카자흐스탄,5717
2016,키르기스스탄,3705
2016,말레이시아,2297
2016,티모르민주공화국,1751
2016,홍콩,1594
2016,시리아,1257
2016,사우디아라비아,973
2016,이란,873
2016,싱가포르,759
2016,터키,751
2016,라오스,554
2016,아랍에미리트연합,370
2016,예멘공화국,355
2016,이라크,331
2016,요르단,289
2016,타지키스탄,284
2016,아프가니스탄,213
2016,이스라엘,126
2016,브루나이,86
2016,투르크메니스탄,71
2016,마카오,70
2016,쿠웨이트,67
2016,오만,59
2016,팔레스타인,38
2016,레바논,29
2016,부탄,18
2016,키프로스,15
2016,카타르,8
2016,바레인,7
2016,몰디브,4
2016,홍콩거주난민,1
2016,미국,23930
2016,캐나다,5115
2016,브라질,671
2016,멕시코,492
2016,페루,286
2016,콜롬비아,250
2016,에콰도르,211
2016,베네수엘라,122
2016,칠레,105
2016,아르헨티나,98
2016,과테말라,73
2016,도미니카공화국,60
2016,볼리비아,58
2016,코스타리카,54
2016,파라과이,52
2016,파나마,49
2016,엘살바도르,48
2016,온두라스,29
2016,자메이카,28
2016,쿠바,25
2016,니카라과,23
2016,우루과이,16
2016,아이티,12
2016,트리니다드토바고,11
2016,바하마,6
2016,세인트크리스토퍼네비스,5
2016,벨리즈,4
2016,바베이도스,3
2016,가이아나,3
2016,세인트루시아,2
2016,수리남,2
2016,도미니카연방,1
2016,그레나다,1
2016,러시아연방,6111
2016,영국,4724
2016,프랑스,3665
2016,독일,2170
2016,우크라이나,2073
2016,노르웨이,1162
2016,이탈리아,635
2016,아일랜드,633
2016,스페인,591
2016,네덜란드,555
2016,한국계러시아인,492
2016,스웨덴,427
2016,폴란드,383
2016,덴마크,266
2016,그리스,265
2016,루마니아,254
2016,벨기에,253
2016,스위스,228
2016,핀란드,220
2016,오스트리아,190
2016,벨로루시,170
2016,헝가리,146
2016,체코,141
2016,불가리아,131
2016,아제르바이잔,121
2016,포르투갈,100
2016,크로아티아,87
2016,아르메니아,69
2016,세르비아,60
2016,리투아니아,59
2016,슬로바크,52
2016,몰도바,49
2016,라트비아,42
2016,슬로베니아,32
2016,조지아,22
2016,알바니아,21
2016,아이슬란드,16
2016,에스토니아,15
2016,영국외지민,11
2016,마케도니아,11
2016,룩셈부르크,9
2016,보스니아-헤르체고비나,7
2016,몰타,6
2016,몬테네그로,4
2016,세르비아몬테네그로,4
2016,코소보,1
2016,유고슬라비아,1
2016,오스트레일리아,2363
2016,뉴질랜드,801
2016,피지,47
2016,파푸아뉴기니,11
2016,솔로몬군도,8
2016,통가,3
2016,키리바시,2
2016,나우루,2
2016,팔라우,1
2016,사모아,1
2016,이집트,2586
2016,나이지리아,2033
2016,남아프리카공화국,2018
2016,가나,825
2016,카메룬,789
2016,에티오피아,625
2016,우간다,560
2016,모로코,475
2016,케냐,318
2016,라이베리아,287
2016,수단,250
2016,리비아,231
2016,르완다,172
2016,콩고민주공화국,171
2016,알제리,169
2016,세네갈,155
2016,튀니지,152
2016,코트디부아르,151
2016,탄자니아,139
2016,말리,96
2016,기니,79
2016,잠비아,76
2016,앙골라,71
2016,부룬디,68
2016,짐바브웨,65
2016,감비아,46
2016,가봉,44
2016,콩고,34
2016,시에라리온,30
2016,부르키나파소,27
2016,말라위,26
2016,마다가스카르,25
2016,토고,25
2016,모리셔스,22
2016,모잠비크,18
2016,남수단공화국,15
2016,베냉,11
2016,모리타니,11
2016,보츠와나,10
2016,차드,10
2016,소말리아,9
2016,에리트레아,7
2016,스와질란드,7
2016,중앙아프리카공화국,6
2016,기니비사우,6
2016,코모로,4
2016,니제르,4
2016,레소토,3
2016,적도기니,2
2016,나미비아,2
2016,지부티,1
2016,기타,169
2017,한국계중국인,318768
2017,중국,208343
2017,베트남,151385
2017,우즈베키스탄,47722
2017,캄보디아,45713
2017,필리핀,45236
2017,인도네시아,36917
2017,네팔,35426
2017,태국,30196
2017,스리랑카,25323
2017,미얀마,23472
2017,일본,23343
2017,몽골,22570
2017,타이완,20363
2017,방글라데시,13623
2017,파키스탄,10388
2017,카자흐스탄,9508
2017,인도,8606
2017,키르기즈,4308
2017,말레이시아,2511
2017,동티모르,1806
2017,홍콩,1707
2017,시리아,1353
2017,이란,1007
2017,사우디아라비아,924
2017,터키,838
2017,싱가포르,805
2017,라오스,604
2017,예멘,454
2017,아랍에미리트연합,398
2017,타지키스탄,397
2017,이라크,331
2017,요르단,305
2017,아프가니스탄,243
2017,이스라엘,131
2017,마카오,88
2017,투르크메니스탄,86
2017,쿠웨이트,79
2017,브루나이,55
2017,오만,49
2017,팔레스타인,44
2017,레바논,27
2017,부탄,20
2017,키프로스,17
2017,바레인,9
2017,카타르,7
2017,몰디브,3
2017,미국,24166
2017,캐나다,4791
2017,브라질,731
2017,멕시코,506
2017,페루,277
2017,콜롬비아,262
2017,에콰도르,225
2017,칠레,123
2017,베네수엘라,123
2017,아르헨티나,98
2017,과테말라,79
2017,파라과이,57
2017,볼리비아,54
2017,도미니카공화국,54
2017,엘살바도르,51
2017,코스타리카,47
2017,파나마,46
2017,온두라스,43
2017,자메이카,33
2017,니카라과,23
2017,우루과이,22
2017,쿠바,19
2017,아이티,19
2017,트리니다드토바고,13
2017,바하마,7
2017,바베이도스,7
2017,세인트크리스토퍼네비스,7
2017,벨리즈,6
2017,가이아나,4
2017,수리남,3
2017,세인트루시아,2
2017,도미니카연방,1
2017,그레나다,1
2017,러시아연방,7686
2017,영국,4228
2017,프랑스,3257
2017,우크라이나,2580
2017,독일,2183
2017,노르웨이,709
2017,이탈리아,670
2017,아일랜드,580
2017,한국계러시아인,567
2017,스페인,565
2017,네덜란드,530
2017,스웨덴,378
2017,폴란드,361
2017,벨기에,285
2017,스위스,234
2017,루마니아,232
2017,덴마크,212
2017,핀란드,199
2017,그리스,198
2017,벨로루시,195
2017,오스트리아,190
2017,헝가리,148
2017,아제르바이잔,131
2017,불가리아,123
2017,체코,118
2017,포르투갈,95
2017,크로아티아,67
2017,아르메니아,62
2017,리투아니아,59
2017,세르비아,54
2017,슬로바키아,46
2017,몰도바,40
2017,조지아,36
2017,슬로베니아,35
2017,라트비아,30
2017,아이슬란드,17
2017,알바니아,16
2017,에스토니아,15
2017,영국외지민,10
2017,룩셈부르크,10
2017,마케도니아,9
2017,보스니아-헤르체고비나,6
2017,몬테네그로,6
2017,몰타,5
2017,코소보,2
2017,오스트레일리아,1616
2017,뉴질랜드,751
2017,피지,44
2017,솔로몬군도,9
2017,파푸아뉴기니,6
2017,키리바시,2
2017,나우루,2
2017,팔라우,2
2017,통가,2
2017,바누아투,2
2017,이집트,2868
2017,나이지리아,2145
2017,남아프리카공화국,2134
2017,가나,965
2017,카메룬,850
2017,에티오피아,747
2017,모로코,596
2017,우간다,588
2017,라이베리아,347
2017,케냐,346
2017,세네갈,298
2017,수단,266
2017,리비아,224
2017,르완다,204
2017,콩고민주공화국,190
2017,탄자니아,187
2017,알제리,184
2017,기니,162
2017,코트디부아르,158
2017,말리,156
2017,튀니지,156
2017,앙골라,100
2017,감비아,80
2017,잠비아,80
2017,부룬디,75
2017,짐바브웨,70
2017,가봉,48
2017,부르키나파소,40
2017,시에라리온,33
2017,모잠비크,32
2017,토고,30
2017,말라위,23
2017,마다가스카르,22
2017,모리셔스,20
2017,콩고,19
2017,남수단공화국,18
2017,차드,12
2017,베냉,12
2017,에리트레아,12
2017,기니비사우,12
2017,모리타니,11
2017,소말리아,10
2017,보츠와나,9
2017,중앙아프리카공화국,8
2017,니제르,7
2017,코모로,5
2017,레소토,3
2017,나미비아,2
2017,스와질란드,2
2017,카보베르데,1
2017,적도기니,1
2017,기타,171
2018,한국계중국인,345318
2018,중국,207777
2018,베트남,170707
2018,우즈베키스탄,52585
2018,필리핀,45305
2018,캄보디아,45247
2018,네팔,38862
2018,인도네시아,37429
2018,태국,31416
2018,미얀마,26655
2018,스리랑카,24309
2018,몽골,24218
2018,일본,23892
2018,타이완,20489
2018,방글라데시,14284
2018,카자흐스탄,14111
2018,파키스탄,11020
2018,인도,9454
2018,키르기즈,4803
2018,말레이시아,3388
2018,티모르민주공화국,1962
2018,홍콩,1870
2018,시리아,1425
2018,터키,1036
2018,예멘공화국,1017
2018,이란,1008
2018,사우디아라비아,910
2018,싱가포르,769
2018,라오스,759
2018,타지키스탄,474
2018,아랍에미리트연합,473
2018,이라크,340
2018,아프가니스탄,312
2018,요르단,295
2018,투르크메니스탄,140
2018,이스라엘,140
2018,마카오,117
2018,쿠웨이트,72
2018,브루나이,59
2018,팔레스타인,40
2018,오만,31
2018,레바논,25
2018,바레인,20
2018,키프로스,18
2018,부탄,18
2018,카타르,9
2018,몰디브,4
2018,미국,24602
2018,캐나다,4443
2018,브라질,779
2018,멕시코,560
2018,콜롬비아,307
2018,페루,302
2018,에콰도르,233
2018,칠레,142
2018,베네수엘라,133
2018,아르헨티나,101
2018,과테말라,67
2018,볼리비아,65
2018,파라과이,64
2018,엘살바도르,58
2018,도미니카공화국,55
2018,파나마,52
2018,코스타리카,47
2018,온두라스,40
2018,자메이카,35
2018,니카라과,29
2018,쿠바,26
2018,우루과이,26
2018,트리니다드토바고,23
2018,아이티,22
2018,세인트크리스토퍼네비스,10
2018,바하마,4
2018,벨리즈,3
2018,바베이도스,3
2018,세인트루시아,2
2018,도미니카연방,2
2018,가이아나,2
2018,앤티카바부다,1
2018,수리남,1
2018,그레나다,1
2018,러시아연방,10289
2018,영국,4219
2018,프랑스,3390
2018,우크라이나,3120
2018,독일,2217
2018,한국계러시아인,896
2018,이탈리아,737
2018,네덜란드,620
2018,스페인,588
2018,아일랜드,569
2018,노르웨이,440
2018,스웨덴,398
2018,폴란드,339
2018,벨기에,292
2018,스위스,225
2018,오스트리아,206
2018,루마니아,205
2018,핀란드,204
2018,덴마크,201
2018,벨로루시,198
2018,헝가리,180
2018,그리스,179
2018,아제르바이잔,169
2018,체코,135
2018,불가리아,121
2018,포르투갈,98
2018,크로아티아,74
2018,리투아니아,73
2018,아르메니아,61
2018,세르비아,60
2018,슬로바크,54
2018,조지아,46
2018,몰도바,46
2018,슬로베니아,39
2018,라트비아,30
2018,영국외지민,25
2018,에스토니아,21
2018,알바니아,17
2018,룩셈부르크,12
2018,마케도니아,11
2018,아이슬란드,10
2018,몰타,9
2018,몬테네그로,6
2018,보스니아-헤르체고비나,5
2018,코소보,3
2018,안도라,3
2018,오스트레일리아,1582
2018,뉴질랜드,737
2018,피지,47
2018,솔로몬군도,15
2018,파푸아뉴기니,4
2018,키리바시,4
2018,통가,3
2018,바누아투,3
2018,나우루,2
2018,팔라우,1
2018,이집트,3239
2018,남아프리카공화국,2373
2018,나이지리아,2185
2018,가나,1070
2018,카메룬,879
2018,에티오피아,832
2018,모로코,822
2018,우간다,539
2018,라이베리아,443
2018,케냐,368
2018,세네갈,363
2018,리비아,291
2018,알제리,266
2018,수단,233
2018,르완다,228
2018,기니,227
2018,콩고민주공화국,220
2018,튀니지,214
2018,탄자니아,212
2018,말리,195
2018,코트디부아르,166
2018,앙골라,133
2018,감비아,122
2018,부룬디,92
2018,잠비아,89
2018,짐바브웨,80
2018,가봉,57
2018,부르키나파소,44
2018,시에라리온,41
2018,모잠비크,40
2018,토고,37
2018,콩고,25
2018,베냉,24
2018,보츠와나,22
2018,마다가스카르,21
2018,모리셔스,19
2018,에리트레아,17
2018,기니비사우,17
2018,소말리아,16
2018,말라위,15
2018,모리타니,14
2018,남수단공화국,13
2018,차드,11
2018,중앙아프리카공화국,9
2018,코모로,7
2018,레소토,6
2018,적도기니,5
2018,니제르,5
2018,에스와티니,4
2018,나미비아,2
2018,카보베르데,1
2018,무국적,112
2018,미등록국가,51
2018,국제연합,20
2019,한국계중국인,332525
2019,중국,208081
2019,베트남,187334
2019,우즈베키스탄,56237
2019,필리핀,45354
2019,캄보디아,45016
2019,네팔,40933
2019,인도네시아,37043
2019,태국,32633
2019,미얀마,27483
2019,몽골,24845
2019,일본,24316
2019,스리랑카,23476
2019,타이완,19872
2019,카자흐스탄,17499
2019,방글라데시,14975
2019,파키스탄,11523
2019,인도,10090
2019,키르기즈,4982
2019,말레이시아,4249
2019,티모르민주공화국,2256
2019,홍콩,1924
2019,시리아,1517
2019,터키,1371
2019,이란,1049
2019,예멘공화국,1036
2019,라오스,1015
2019,사우디아라비아,1004
2019,싱가포르,656
2019,아랍에미리트연합,572
2019,타지키스탄,496
2019,아프가니스탄,340
2019,이라크,337
2019,요르단,320
2019,투르크메니스탄,294
2019,이스라엘,139
2019,마카오,105
2019,쿠웨이트,67
2019,브루나이,60
2019,팔레스타인,49
2019,레바논,33
2019,카타르,30
2019,부탄,28
2019,오만,27
2019,바레인,18
2019,키프로스,16
2019,몰디브,4
2019,미국,26025
2019,캐나다,4358
2019,브라질,793
2019,멕시코,583
2019,콜롬비아,384
2019,페루,342
2019,에콰도르,239
2019,칠레,169
2019,베네수엘라,156
2019,아르헨티나,117
2019,파라과이,68
2019,과테말라,68
2019,볼리비아,64
2019,도미니카공화국,62
2019,엘살바도르,57
2019,파나마,56
2019,코스타리카,48
2019,온두라스,43
2019,자메이카,42
2019,쿠바,38
2019,아이티,29
2019,니카라과,28
2019,우루과이,26
2019,트리니다드토바고,22
2019,세인트크리스토퍼네비스,11
2019,바하마,6
2019,벨리즈,3
2019,도미니카연방,3
2019,그레나다,3
2019,수리남,2
2019,바베이도스,2
2019,앤티카바부다,1
2019,세인트루시아,1
2019,가이아나,1
2019,러시아연방,12786
2019,영국,4384
2019,프랑스,3695
2019,우크라이나,3213
2019,독일,2305
2019,한국계러시아인,1360
2019,이탈리아,861
2019,스페인,708
2019,네덜란드,635
2019,아일랜드,598
2019,스웨덴,450
2019,폴란드,373
2019,벨기에,340
2019,노르웨이,266
2019,스위스,243
2019,덴마크,230
2019,벨로루시,225
2019,그리스,204
2019,오스트리아,199
2019,아제르바이잔,189
2019,루마니아,189
2019,핀란드,172
2019,헝가리,168
2019,포르투갈,150
2019,체코,133
2019,불가리아,126
2019,리투아니아,74
2019,크로아티아,63
2019,아르메니아,60
2019,조지아,50
2019,슬로바크,48
2019,세르비아,46
2019,영국외지민,42
2019,라트비아,40
2019,몰도바,39
2019,슬로베니아,38
2019,에스토니아,32
2019,알바니아,23
2019,룩셈부르크,16
2019,아이슬란드,12
2019,보스니아-헤르체고비나,12
2019,마케도니아,8
2019,몰타,7
2019,몬테네그로,6
2019,코소보,5
2019,안도라,1
2019,오스트레일리아,1687
2019,뉴질랜드,762
2019,피지,65
2019,키리바시,21
2019,솔로몬군도,9
2019,바누아투,5
2019,팔라우,3
2019,파푸아뉴기니,3
2019,통가,2
2019,나우루,2
2019,이집트,2827
2019,남아프리카공화국,2503
2019,나이지리아,2306
2019,가나,1169
2019,모로코,1136
2019,에티오피아,902
2019,카메룬,818
2019,라이베리아,497
2019,우간다,493
2019,알제리,436
2019,리비아,383
2019,케냐,382
2019,세네갈,356
2019,튀니지,269
2019,기니,256
2019,수단,255
2019,탄자니아,251
2019,르완다,244
2019,콩고민주공화국,213
2019,말리,204
2019,코트디부아르,157
2019,앙골라,141
2019,감비아,138
2019,부룬디,104
2019,짐바브웨,94
2019,잠비아,84
2019,가봉,61
2019,시에라리온,60
2019,모잠비크,54
2019,토고,45
2019,부르키나파소,44
2019,마다가스카르,29
2019,베냉,28
2019,콩고,25
2019,말라위,24
2019,보츠와나,23
2019,모리셔스,23
2019,기니비사우,18
2019,소말리아,17
2019,남수단공화국,15
2019,차드,14
2019,에스와티니,13
2019,에리트레아,13
2019,모리타니,11
2019,중앙아프리카공화국,7
2019,적도기니,6
2019,레소토,5
2019,니제르,5
2019,코모로,3
2019,나미비아,3
2019,지부티,1
2019,세이셸,1
2019,무국적,106
2019,미등록국가,48
2019,국제연합,25
2020,한국계중국인,286933
2020,베트남,181415
2020,중국,178910
2020,우즈베키스탄,48370
2020,필리핀,40686
2020,캄보디아,40222
2020,네팔,38527
2020,인도네시아,33239
2020,태국,30801
2020,미얀마,24985
2020,몽골,24515
2020,일본,22798
2020,스리랑카,21231
2020,타이완,18357
2020,카자흐스탄,14377
2020,방글라데시,13813
2020,파키스탄,10644
2020,인도,9386
2020,키르기즈,4240
2020,말레이시아,3532
2020,티모르민주공화국,2121
2020,홍콩,1796
2020,시리아,1532
2020,터키,1396
2020,이란,1073
2020,예멘공화국,1044
2020,라오스,1031
2020,사우디아라비아,776
2020,싱가포르,567
2020,타지키스탄,493
2020,요르단,346
2020,이라크,320
2020,아프가니스탄,310
2020,투르크메니스탄,283
2020,아랍에미리트연합,206
2020,이스라엘,149
2020,마카오,88
2020,팔레스타인,51
2020,쿠웨이트,43
2020,브루나이,41
2020,오만,30
2020,레바논,30
2020,부탄,21
2020,카타르,20
2020,키프로스,19
2020,바레인,6
2020,몰디브,4
2020,홍콩거주난민,1
2020,미국,25910
2020,캐나다,4089
2020,브라질,808
2020,멕시코,539
2020,콜롬비아,369
2020,페루,359
2020,에콰도르,206
2020,칠레,155
2020,베네수엘라,140
2020,아르헨티나,115
2020,파라과이,72
2020,과테말라,65
2020,파나마,62
2020,볼리비아,59
2020,엘살바도르,52
2020,도미니카공화국,52
2020,코스타리카,50
2020,온두라스,43
2020,자메이카,38
2020,니카라과,35
2020,아이티,30
2020,쿠바,23
2020,우루과이,23
2020,트리니다드토바고,17
2020,세인트크리스토퍼네비스,11
2020,바하마,5
2020,벨리즈,4
2020,도미니카연방,4
2020,가이아나,4
2020,수리남,1
2020,세인트루시아,1
2020,바베이도스,1
2020,러시아연방,12227
2020,영국,4170
2020,프랑스,3091
2020,우크라이나,2811
2020,독일,1937
2020,한국계러시아인,1386
2020,이탈리아,783
2020,스페인,623
2020,아일랜드,560
2020,네덜란드,417
2020,폴란드,323
2020,스웨덴,318
2020,벨기에,312
2020,스위스,253
2020,그리스,220
2020,노르웨이,208
2020,벨로루시,203
2020,오스트리아,182
2020,루마니아,182
2020,아제르바이잔,180
2020,덴마크,170
2020,핀란드,163
2020,헝가리,154
2020,포르투갈,129
2020,불가리아,121
2020,체코,114
2020,리투아니아,74
2020,크로아티아,66
2020,영국외지민,60
2020,아르메니아,59
2020,조지아,58
2020,세르비아,58
2020,슬로바크,57
2020,몰도바,45
2020,라트비아,40
2020,에스토니아,32
2020,슬로베니아,32
2020,알바니아,23
2020,룩셈부르크,16
2020,아이슬란드,8
2020,마케도니아,8
2020,보스니아-헤르체고비나,7
2020,몰타,7
2020,몬테네그로,7
2020,코소보,3
2020,오스트레일리아,1632
2020,뉴질랜드,671
2020,피지,47
2020,키리바시,14
2020,바누아투,5
2020,파푸아뉴기니,3
2020,솔로몬군도,3
2020,팔라우,2
2020,통가,2
2020,나우루,2
2020,투발루,1
2020,이집트,2568
2020,남아프리카공화국,2454
2020,나이지리아,2362
2020,모로코,1192
2020,가나,1103
2020,에티오피아,947
2020,카메룬,847
2020,라이베리아,499
2020,우간다,475
2020,알제리,443
2020,리비아,433
2020,케냐,367
2020,세네갈,330
2020,기니,271
2020,튀니지,268
2020,수단,249
2020,르완다,232
2020,탄자니아,222
2020,콩고민주공화국,220
2020,말리,212
2020,코트디부아르,171
2020,앙골라,139
2020,감비아,138
2020,부룬디,113
2020,잠비아,90
2020,짐바브웨,89
2020,가봉,72
2020,시에라리온,70
2020,모잠비크,49
2020,부르키나파소,45
2020,토고,44
2020,베냉,24
2020,말라위,24
2020,남수단공화국,23
2020,콩고,22
2020,마다가스카르,20
2020,기니비사우,20
2020,소말리아,18
2020,보츠와나,17
2020,모리셔스,15
2020,에리트레아,12
2020,에스와티니,11
2020,차드,10
2020,모리타니,8
2020,니제르,7
2020,적도기니,6
2020,중앙아프리카공화국,5
2020,레소토,4
2020,세이셸,3
2020,코모로,1
2020,지부티,1
2020,나미비아,1
2020,무국적,103
2020,미등록국가,41
2020,국제연합,31
2021,한국계중국인,253533
2021,베트남,178928
2021,중국,170852
2021,우즈베키스탄,44470
2021,캄보디아,40263
2021,필리핀,38035
2021,네팔,35447
2021,태국,31347
2021,인도네시아,30514
2021,일본,24479
2021,미얀마,24283
2021,몽골,23722
2021,스리랑카,18915
2021,타이완,17651
2021,카자흐스탄,14425
2021,방글라데시,13163
2021,파키스탄,10216
2021,인도,9979
2021,키르기즈,4283
2021,말레이시아,3442
2021,티모르민주공화국,2186
2021,홍콩,1859
2021,시리아,1517
2021,터키,1500
2021,이란,1160
2021,라오스,1100
2021,예멘공화국,1059
2021,사우디아라비아,770
2021,아프가니스탄,767
2021,싱가포르,654
2021,타지키스탄,589
2021,요르단,407
2021,이라크,364
2021,아랍에미리트연합,282
2021,투르크메니스탄,244
2021,이스라엘,172
2021,마카오,76
2021,팔레스타인,57
2021,브루나이,55
2021,쿠웨이트,50
2021,카타르,36
2021,레바논,33
2021,부탄,32
2021,오만,30
2021,키프로스,18
2021,바레인,7
2021,몰디브,3
2021,홍콩거주난민,1
2021,미국,28761
2021,캐나다,4189
2021,브라질,969
2021,멕시코,695
2021,콜롬비아,439
2021,페루,392
2021,에콰도르,211
2021,칠레,178
2021,아르헨티나,155
2021,베네수엘라,148
2021,파라과이,79
2021,파나마,68
2021,과테말라,67
2021,코스타리카,62
2021,볼리비아,61
2021,도미니카공화국,61
2021,엘살바도르,52
2021,온두라스,40
2021,자메이카,36
2021,니카라과,34
2021,쿠바,33
2021,아이티,33
2021,우루과이,32
2021,트리니다드토바고,20
2021,세인트크리스토퍼네비스,9
2021,도미니카연방,6
2021,벨리즈,4
2021,바하마,4
2021,가이아나,4
2021,바베이도스,3
2021,수리남,2
2021,세인트루시아,2
2021,러시아(연방),12297
2021,영국,4652
2021,프랑스,3134
2021,우크라이나,2558
2021,독일,2404
2021,한국계러시아인,1652
2021,이탈리아,872
2021,스페인,851
2021,아일랜드,611
2021,네덜란드,542
2021,스웨덴,442
2021,폴란드,436
2021,벨기에,393
2021,스위스,313
2021,노르웨이,251
2021,덴마크,236
2021,루마니아,232
2021,벨로루시,225
2021,아제르바이잔,217
2021,그리스,211
2021,오스트리아,208
2021,핀란드,180
2021,헝가리,171
2021,포르투갈,146
2021,불가리아,130
2021,체코,123
2021,리투아니아,88
2021,조지아,74
2021,영국외지민,69
2021,아르메니아,69
2021,라트비아,67
2021,슬로바크,66
2021,크로아티아,64
2021,세르비아,60
2021,몰도바,43
2021,슬로베니아,42
2021,에스토니아,35
2021,알바니아,23
2021,룩셈부르크,19
2021,마케도니아,12
2021,아이슬란드,10
2021,몬테네그로,9
2021,보스니아-헤르체고비나,8
2021,몰타,7
2021,교황청,2
2021,코소보,1
2021,영국외지시민,1
2021,영국속령지시민,1
2021,안도라,1
2021,오스트레일리아,1644
2021,뉴질랜드,669
2021,피지,43
2021,바누아투,6
2021,파푸아뉴기니,4
2021,솔로몬군도,3
2021,팔라우,2
2021,나우루,2
2021,통가,1
2021,키리바시,1
2021,마샬군도,1
2021,이집트,2511
2021,남아프리카공화국,2463
2021,나이지리아,2431
2021,모로코,1277
2021,가나,1106
2021,에티오피아,1005
2021,카메룬,847
2021,리비아,506
2021,우간다,472
2021,라이베리아,472
2021,알제리,418
2021,케냐,379
2021,세네갈,306
2021,탄자니아,281
2021,튀니지,276
2021,기니,264
2021,르완다,259
2021,수단,256
2021,콩고민주공화국,239
2021,말리,202
2021,코트디부아르,163
2021,앙골라,137
2021,부룬디,132
2021,감비아,124
2021,짐바브웨,96
2021,잠비아,88
2021,시에라리온,80
2021,가봉,74
2021,모잠비크,60
2021,부르키나파소,44
2021,토고,43
2021,마다가스카르,28
2021,남수단공화국,27
2021,말라위,22
2021,콩고,21
2021,소말리아,19
2021,보츠와나,18
2021,기니비사우,18
2021,베냉,15
2021,차드,12
2021,에스와티니,12
2021,에리트레아,12
2021,모리셔스,10
2021,모리타니,9
2021,적도기니,7
2021,니제르,7
2021,중앙아프리카공화국,6
2021,레소토,4
2021,세이셸,2
2021,나미비아,2
2021,코모로,1
2021,지부티,1
2021,기타,169
2022,한국계중국인,237869
2022,베트남,196883
2022,중국,181571
2022,우즈베키스탄,49149
2022,캄보디아,45231
2022,네팔,44755
2022,필리핀,43020
2022,인도네시아,40291
2022,태국,33775
2022,미얀마,30805
2022,몽골,27884
2022,일본,26656
2022,스리랑카,22282
2022,타이완,17683
2022,방글라데시,17539
2022,카자흐스탄,17239
2022,인도,12267
2022,파키스탄,11806
2022,키르기즈,5525
2022,말레이시아,3612
2022,티모르민주공화국,3097
2022,튀르키예,2772
2022,홍콩,2126
2022,라오스,1908
2022,시리아,1617
2022,이란,1286
2022,예멘공화국,1098
2022,사우디아라비아,925
2022,아프가니스탄,832
2022,싱가포르,799
2022,타지키스탄,797
2022,아랍에미리트연합,502
2022,요르단,481
2022,이라크,433
2022,투르크메니스탄,240
2022,이스라엘,200
2022,브루나이,120
2022,마카오,90
2022,팔레스타인,75
2022,오만,69
2022,쿠웨이트,52
2022,카타르,42
2022,부탄,42
2022,레바논,35
2022,키프로스,14
2022,바레인,14
2022,몰디브,3
2022,미국,31000
2022,캐나다,4349
2022,브라질,1244
2022,멕시코,855
2022,콜롬비아,527
2022,페루,472
2022,에콰도르,247
2022,칠레,238
2022,아르헨티나,204
2022,아이티,188
2022,베네수엘라,166
2022,과테말라,78
2022,코스타리카,77
2022,파나마,75
2022,파라과이,74
2022,볼리비아,69
2022,도미니카공화국,69
2022,엘살바도르,64
2022,온두라스,46
2022,니카라과,39
2022,자메이카,37
2022,쿠바,35
2022,우루과이,33
2022,트리니다드토바고,21
2022,세인트크리스토퍼네비스,11
2022,가이아나,11
2022,도미니카연방,6
2022,벨리즈,5
2022,바하마,4
2022,바베이도스,4
2022,세인트루시아,2
2022,앤티카바부다,1
2022,수리남,1
2022,세인트빈센트그레나딘,1
2022,그레나다,1
2022,러시아(연방),13969
2022,영국,5125
2022,프랑스,4852
2022,우크라이나,3191
2022,독일,3187
2022,한국계러시아인,1866
2022,스페인,1101
2022,이탈리아,1051
2022,네덜란드,806
2022,아일랜드,644
2022,스웨덴,576
2022,폴란드,512
2022,벨기에,459
2022,스위스,346
2022,덴마크,345
2022,벨로루시,291
2022,아제르바이잔,287
2022,노르웨이,285
2022,루마니아,266
2022,오스트리아,256
2022,핀란드,251
2022,그리스,219
2022,헝가리,204
2022,체코,190
2022,포르투갈,177
2022,불가리아,130
2022,리투아니아,116
2022,크로아티아,91
2022,조지아,91
2022,영국외지민,79
2022,라트비아,78
2022,슬로바크,72
2022,세르비아,69
2022,아르메니아,68
2022,슬로베니아,51
2022,몰도바,48
2022,에스토니아,42
2022,룩셈부르크,30
2022,알바니아,23
2022,북마케도니아,14
2022,몬테네그로,11
2022,아이슬란드,10
2022,보스니아-헤르체고비나,10
2022,몰타,8
2022,코소보,4
2022,교황청,2
2022,영국외지시민,1
2022,오스트레일리아,1819
2022,뉴질랜드,706
2022,피지,44
2022,바누아투,12
2022,마샬군도,7
2022,파푸아뉴기니,6
2022,솔로몬군도,4
2022,나우루,3
2022,팔라우,2
2022,사모아,1
2022,남아프리카공화국,3335
2022,나이지리아,2522
2022,이집트,2514
2022,모로코,1487
2022,가나,1163
2022,에티오피아,1117
2022,카메룬,826
2022,리비아,677
2022,우간다,551
2022,라이베리아,472
2022,케냐,458
2022,탄자니아,454
2022,알제리,451
2022,튀니지,338
2022,르완다,320
2022,세네갈,317
2022,수단,294
2022,콩고민주공화국,278
2022,기니,255
2022,말리,235
2022,부룬디,208
2022,코트디부아르,183
2022,앙골라,148
2022,감비아,129
2022,짐바브웨,106
2022,잠비아,90
2022,시에라리온,84
2022,가봉,81
2022,모잠비크,48
2022,부르키나파소,42
2022,말라위,40
2022,토고,39
2022,남수단공화국,31
2022,마다가스카르,26
2022,콩고,25
2022,소말리아,25
2022,모리셔스,19
2022,보츠와나,18
2022,베냉,16
2022,기니비사우,14
2022,에리트레아,13
2022,에스와티니,12
2022,모리타니,12
2022,차드,11
2022,중앙아프리카공화국,10
2022,적도기니,8
2022,니제르,7
2022,레소토,5
2022,코모로,2
2022,세이셸,2
2022,나미비아,2
2022,지부티,1
2023,한국계중국인,242032
2023,베트남,227930
2023,중국,205502
2023,네팔,60663
2023,우즈베키스탄,55239
2023,캄보디아,53904
2023,인도네시아,50334
2023,필리핀,48648
2023,타이,40062
2023,미얀마,39630
2023,몽골,32466
2023,스리랑카,28258
2023,일본,27381
2023,방글라데시,22939
2023,카자흐스탄,20203
2023,타이완,17704
2023,파키스탄,13762
2023,인도,13443
2023,키르기즈,6744
2023,말레이시아,4496
2023,티모르민주공화국,3756
2023,라오스,3479
2023,튀르키예,3140
2023,홍콩,2254
2023,시리아,1777
2023,이란,1282
2023,예멘공화국,1172
2023,타지키스탄,1126
2023,아프가니스탄,858
2023,싱가포르,838
2023,사우디아라비아,823
2023,요르단,526
2023,이라크,497
2023,투르크메니스탄,374
2023,아랍에미리트연합,362
2023,이스라엘,201
2023,마카오,124
2023,브루나이,95
2023,팔레스타인,88
2023,오만,55
2023,쿠웨이트,50
2023,레바논,47
2023,카타르,43
2023,부탄,38
2023,키프로스,19
2023,바레인,14
2023,몰디브,4
2023,홍콩거주난민,2
2023,미국,32532
2023,캐나다,4373
2023,브라질,1401
2023,멕시코,889
2023,콜롬비아,533
2023,페루,448
2023,칠레,281
2023,에콰도르,240
2023,아르헨티나,216
2023,아이티,176
2023,베네수엘라,154
2023,코스타리카,77
2023,과테말라,72
2023,파라과이,70
2023,볼리비아,70
2023,파나마,69
2023,도미니카공화국,66
2023,엘살바도르,57
2023,쿠바,47
2023,온두라스,42
2023,우루과이,41
2023,니카라과,38
2023,자메이카,30
2023,트리니다드토바고,27
2023,세인트크리스토퍼네비스,12
2023,가이아나,12
2023,도미니카연방,11
2023,바하마,4
2023,그레나다,3
2023,벨리즈,2
2023,바베이도스,2
2023,앤티카바부다,1
2023,수리남,1
2023,세인트빈센트그레나딘,1
2023,세인트루시아,1
2023,러시아(연방),19471
2023,프랑스,5291
2023,영국,5258
2023,독일,3229
2023,우크라이나,2926
2023,한국계러시아인,2086
2023,이탈리아,1121
2023,스페인,1118
2023,네덜란드,761
2023,아일랜드,617
2023,스웨덴,579
2023,폴란드,571
2023,벨기에,447
2023,아제르바이잔,379
2023,덴마크,349
2023,벨라루스,320
2023,스위스,315
2023,노르웨이,298
2023,루마니아,288
2023,핀란드,256
2023,헝가리,240
2023,오스트리아,240
2023,그리스,203
2023,체코,192
2023,포르투갈,176
2023,불가리아,143
2023,리투아니아,124
2023,조지아,107
2023,크로아티아,89
2023,라트비아,83
2023,영국외지민,81
2023,아르메니아,80
2023,슬로바크,74
2023,세르비아,74
2023,몰도바,55
2023,에스토니아,53
2023,슬로베니아,52
2023,룩셈부르크,30
2023,알바니아,28
2023,아이슬란드,21
2023,코소보,9
2023,북마케도니아,9
2023,보스니아-헤르체고비나,8
2023,몰타,8
2023,몬테네그로,8
2023,영국해외영토시민,2
2023,영국외지시민,2
2023,모나코,2
2023,교황청,1
2023,오스트레일리아,1876
2023,뉴질랜드,738
2023,피지,35
2023,바누아투,14
2023,파푸아뉴기니,11
2023,마샬군도,8
2023,솔로몬군도,7
2023,팔라우,2
2023,나우루,2
2023,통가,1
2023,남아프리카공화국,4054
2023,이집트,2655
2023,나이지리아,2492
2023,모로코,1596
2023,에티오피아,1322
2023,가나,1173
2023,카메룬,795
2023,리비아,723
2023,튀니지,667
2023,우간다,575
2023,케냐,567
2023,라이베리아,493
2023,탄자니아,462
2023,르완다,445
2023,알제리,423
2023,부룬디,368
2023,세네갈,312
2023,콩고민주공화국,309
2023,수단,294
2023,기니,250
2023,말리,248
2023,코트디부아르,199
2023,앙골라,119
2023,감비아,118
2023,짐바브웨,105
2023,잠비아,97
2023,시에라리온,94
2023,가봉,85
2023,부르키나파소,51
2023,말라위,49
2023,모잠비크,43
2023,토고,38
2023,마다가스카르,33
2023,남수단공화국,33
2023,소말리아,29
2023,콩고,25
2023,보츠와나,24
2023,모리셔스,15
2023,베냉,12
2023,모리타니,12
2023,중앙아프리카공화국,11
2023,에리트레아,11
2023,기니비사우,11
2023,니제르,9
2023,차드,8
2023,적도기니,8
2023,에스와티니,6
2023,레소토,6
2023,코모로,5
2023,나미비아,3
2023,지부티,1
2023,세이셸,1
2023,기타,191
2024,베트남,261581
2024,한국계중국인,246988
2024,중국,218893
2024,네팔,72151
2024,우즈베키스탄,61733
2024,캄보디아,61006
2024,인도네시아,58248
2024,미얀마,52034
2024,필리핀,51991
2024,타이,43459
2024,몽골,37664
2024,스리랑카,33965
2024,일본,28005
2024,방글라데시,27875
2024,카자흐스탄,20482
2024,타이완,17384
2024,파키스탄,15950
2024,인도,14762
2024,키르기즈,8170
2024,라오스,6641
2024,말레이시아,5134
2024,티모르민주공화국,4336
2024,튀르키예,3441
2024,홍콩,2223
2024,시리아,1904
2024,타지키스탄,1567
2024,이란,1336
2024,예멘공화국,1200
2024,사우디아라비아,1080
2024,싱가포르,896
2024,아프가니스탄,893
2024,요르단,559
2024,이라크,537
2024,투르크메니스탄,522
2024,아랍에미리트연합,299
2024,이스라엘,248
2024,마카오,136
2024,팔레스타인,107
2024,브루나이,93
2024,오만,78
2024,카타르,60
2024,레바논,50
2024,쿠웨이트,43
2024,부탄,36
2024,바레인,16
2024,키프로스,15
2024,몰디브,3
2024,홍콩거주난민,1
2024,미국,34886
2024,캐나다,4452
2024,브라질,1464
2024,멕시코,990
2024,콜롬비아,600
2024,페루,462
2024,에콰도르,311
2024,칠레,307
2024,아르헨티나,214
2024,베네수엘라,158
2024,아이티,146
2024,코스타리카,81
2024,볼리비아,81
2024,도미니카공화국,81
2024,파라과이,80
2024,과테말라,76
2024,파나마,69
2024,엘살바도르,65
2024,온두라스,61
2024,쿠바,46
2024,니카라과,40
2024,우루과이,38
2024,자메이카,32
2024,트리니다드토바고,25
2024,도미니카연방,17
2024,가이아나,13
2024,바하마,10
2024,세인트크리스토퍼네비스,9
2024,앤티카바부다,3
2024,벨리즈,3
2024,바베이도스,3
2024,그레나다,3
2024,세인트빈센트그레나딘,2
2024,세인트루시아,2
2024,러시아(연방),22450
2024,프랑스,5314
2024,영국,5144
2024,독일,3114
2024,우크라이나,2730
2024,한국계러시아인,2383
2024,이탈리아,1291
2024,스페인,1194
2024,네덜란드,765
2024,폴란드,654
2024,아일랜드,593
2024,스웨덴,550
2024,벨기에,472
2024,아제르바이잔,453
2024,덴마크,394
2024,스위스,379
2024,벨라루스,342
2024,루마니아,292
2024,노르웨이,286
2024,핀란드,250
2024,헝가리,245
2024,오스트리아,237
2024,포르투갈,215
2024,그리스,210
2024,체코,169
2024,불가리아,159
2024,리투아니아,155
2024,조지아,118
2024,아르메니아,89
2024,라트비아,87
2024,크로아티아,84
2024,영국외지민,79
2024,세르비아,77
2024,슬로바크,76
2024,몰도바,71
2024,에스토니아,58
2024,슬로베니아,53
2024,룩셈부르크,48
2024,알바니아,35
2024,북마케도니아,14
2024,아이슬란드,12
2024,보스니아-헤르체고비나,12
2024,몬테네그로,10
2024,몰타,8
2024,코소보,5
2024,영국외지시민,3
2024,영국해외영토시민,2
2024,교황청,2
2024,오스트레일리아,2024
2024,뉴질랜드,753
2024,피지,31
2024,바누아투,18
2024,파푸아뉴기니,11
2024,마샬군도,8
2024,솔로몬군도,7
2024,통가,3
2024,팔라우,2
2024,키리바시,2
2024,미이크로네시아,2
2024,나우루,2
2024,사모아,1
2024,남아프리카공화국,4641
2024,이집트,2835
2024,나이지리아,2566
2024,모로코,1714
2024,에티오피아,1445
2024,가나,1224
2024,리비아,778
2024,카메룬,769
2024,튀니지,722
2024,케냐,616
2024,우간다,570
2024,부룬디,562
2024,르완다,546
2024,탄자니아,530
2024,알제리,480
2024,라이베리아,470
2024,콩고민주공화국,340
2024,수단,340
2024,세네갈,297
2024,기니,244
2024,말리,232
2024,코트디부아르,207
2024,감비아,118
2024,짐바브웨,117
2024,가봉,108
2024,시에라리온,106
2024,앙골라,104
2024,잠비아,98
2024,말라위,61
2024,부르키나파소,59
2024,마다가스카르,55
2024,모잠비크,52
2024,토고,44
2024,보츠와나,34
2024,남수단공화국,34
2024,콩고,27
2024,소말리아,24
2024,베냉,17
2024,모리타니,15
2024,중앙아프리카공화국,14
2024,니제르,12
2024,기니비사우,11
2024,에리트레아,10
2024,모리셔스,9
2024,레소토,9
2024,적도기니,8
2024,차드,7
2024,에스와티니,5
2024,지부티,4
2024,나미비아,3
2024,코모로,2
2024,카보베르데,1
2024,세이셸,1
2024,기타,184
2025,베트남,293907
2025,한국계중국인,251037
2025,중국,226628
2025,네팔,89521
2025,우즈베키스탄,69317
2025,캄보디아,65220
2025,인도네시아,62021
2025,미얀마,58016
2025,필리핀,54866
2025,타이,45892
2025,몽골,42049
2025,스리랑카,36951
2025,방글라데시,32407
2025,일본,29350
2025,카자흐스탄,20009
2025,파키스탄,17395
2025,타이완,17187
2025,인도,15837
2025,라오스,11543
2025,키르기즈,9170
2025,말레이시아,5406
2025,티모르민주공화국,4679
2025,튀르키예,3477
2025,홍콩,2284
2025,타지키스탄,2040
2025,시리아,1926
2025,이란,1439
2025,예멘공화국,1234
2025,아프가니스탄,920
2025,싱가포르,918
2025,사우디아라비아,872
2025,투르크메니스탄,695
2025,요르단,610
2025,이라크,565
2025,이스라엘,250
2025,아랍에미리트연합,236
2025,마카오,137
2025,팔레스타인,115
2025,브루나이,91
2025,카타르,67
2025,레바논,60
2025,오만,55
2025,쿠웨이트,40
2025,부탄,38
2025,바레인,22
2025,키프로스,16
2025,몰디브,3
2025,홍콩거주난민,1
2025,미국,37027
2025,캐나다,4602
2025,브라질,1551
2025,멕시코,1119
2025,콜롬비아,646
2025,페루,510
2025,에콰도르,325
2025,칠레,321
2025,아르헨티나,224
2025,베네수엘라,170
2025,아이티,151
2025,도미니카공화국,88
2025,파라과이,87
2025,코스타리카,86
2025,파나마,83
2025,과테말라,81
2025,볼리비아,72
2025,엘살바도르,68
2025,온두라스,65
2025,쿠바,51
2025,우루과이,43
2025,니카라과,42
2025,트리니다드토바고,31
2025,자메이카,31
2025,도미니카연방,19
2025,가이아나,18
2025,세인트크리스토퍼네비스,12
2025,바하마,12
2025,그레나다,6
2025,세인트루시아,4
2025,바베이도스,4
2025,앤티카바부다,3
2025,벨리즈,3
2025,세인트빈센트그레나딘,1
2025,러시아(연방),22138
2025,프랑스,5552
2025,영국,5169
2025,독일,3168
2025,한국계러시아인,2712
2025,우크라이나,2583
2025,이탈리아,1483
2025,스페인,1339
2025,네덜란드,864
2025,폴란드,741
2025,스웨덴,569
2025,아일랜드,568
2025,아제르바이잔,535
2025,벨기에,492
2025,덴마크,394
2025,스위스,385
2025,루마니아,332
2025,벨라루스,330
2025,노르웨이,323
2025,헝가리,289
2025,핀란드,285
2025,오스트리아,256
2025,포르투갈,235
2025,그리스,231
2025,체코,213
2025,리투아니아,183
2025,불가리아,167
2025,조지아,132
2025,슬로바크,100
2025,아르메니아,93
2025,크로아티아,91
2025,라트비아,87
2025,영국외지민,80
2025,세르비아,77
2025,몰도바,66
2025,룩셈부르크,58
2025,에스토니아,55
2025,슬로베니아,52
2025,알바니아,37
2025,보스니아-헤르체고비나,14
2025,북마케도니아,11
2025,몬테네그로,10
2025,아이슬란드,9
2025,몰타,8
2025,코소보,6
2025,영국해외영토시민,3
2025,안도라,3
2025,영국외지시민,2
2025,리히텐슈타인,2
2025,교황청,2
2025,모나코,1
2025,오스트레일리아,2128
2025,뉴질랜드,749
2025,피지,28
2025,바누아투,20
2025,파푸아뉴기니,13
2025,솔로몬군도,12
2025,마샬군도,9
2025,키리바시,5
2025,통가,4
2025,미이크로네시아,4
2025,팔라우,3
2025,나우루,1
2025,남아프리카공화국,4979
2025,이집트,3003
2025,나이지리아,2649
2025,모로코,1711
2025,에티오피아,1591
2025,가나,1371
2025,리비아,832
2025,카메룬,765
2025,르완다,762
2025,튀니지,734
2025,부룬디,695
2025,케냐,693
2025,탄자니아,676
2025,우간다,600
2025,알제리,574
2025,라이베리아,487
2025,콩고민주공화국,421
2025,수단,358
2025,세네갈,294
2025,기니,246
2025,말리,236
2025,코트디부아르,229
2025,짐바브웨,124
2025,감비아,115
2025,가봉,114
2025,시에라리온,113
2025,앙골라,101
2025,잠비아,93
2025,말라위,69
2025,부르키나파소,66
2025,마다가스카르,61
2025,모잠비크,54
2025,토고,46
2025,콩고,40
2025,남수단공화국,36
2025,보츠와나,23
2025,베냉,23
2025,소말리아,22
2025,모리타니,22
2025,중앙아프리카공화국,15
2025,레소토,15
2025,니제르,14
2025,적도기니,12
2025,에스와티니,12
2025,모리셔스,11
2025,기니비사우,10
2025,에리트레아,8
2025,차드,5
2025,코모로,3
2025,지부티,3
2025,나미비아,3
2025,기타,136
