admin2_code,admin1_name,admin2_name,population,year,resource_hdx_id
ID1101,Aceh,Simeulue,95303,2020,8f6f09d2-95f7-42dc-b6f1-aead319607f3
ID1102,Aceh,Aceh Singkil,123842,2020,8f6f09d2-95f7-42dc-b6f1-aead319607f3
ID1103,Aceh,Aceh Selatan,242200,2020,8f6f09d2-95f7-42dc-b6f1-aead319607f3
ID1104,Aceh,Aceh Tenggara,216264,2020,8f6f09d2-95f7-42dc-b6f1-aead319607f3
ID1105,Aceh,Aceh Timur,436087,2020,8f6f09d2-95f7-42dc-b6f1-aead319607f3
ID1106,Aceh,Aceh Tengah,212118,2020,8f6f09d2-95f7-42dc-b6f1-aead319607f3
ID1107,Aceh,Aceh Barat,209498,2020,8f6f09d2-95f7-42dc-b6f1-aead319607f3
ID1108,Aceh,Aceh Besar,424423,2020,8f6f09d2-95f7-42dc-b6f1-aead319607f3
ID1109,Aceh,Pidie,447888,2020,8f6f09d2-95f7-42dc-b6f1-aead319607f3
ID1110,Aceh,Bireuen,470564,2020,8f6f09d2-95f7-42dc-b6f1-aead319607f3
ID1111,Aceh,Aceh Utara,622757,2020,8f6f09d2-95f7-42dc-b6f1-aead319607f3
ID1112,Aceh,Aceh Barat Daya,151828,2020,8f6f09d2-95f7-42dc-b6f1-aead319607f3
ID1113,Aceh,Gayo Lues,93946,2020,8f6f09d2-95f7-42dc-b6f1-aead319607f3
ID1114,Aceh,Aceh Tamiang,297387,2020,8f6f09d2-95f7-42dc-b6f1-aead319607f3
ID1115,Aceh,Nagan Raya,166794,2020,8f6f09d2-95f7-42dc-b6f1-aead319607f3
ID1116,Aceh,Aceh Jaya,94379,2020,8f6f09d2-95f7-42dc-b6f1-aead319607f3
ID1117,Aceh,Bener Meriah,148156,2020,8f6f09d2-95f7-42dc-b6f1-aead319607f3
ID1118,Aceh,Pidie Jaya,160869,2020,8f6f09d2-95f7-42dc-b6f1-aead319607f3
ID1171,Aceh,Kota Banda Aceh,272195,2020,8f6f09d2-95f7-42dc-b6f1-aead319607f3
ID1172,Aceh,Kota Sabang,34589,2020,8f6f09d2-95f7-42dc-b6f1-aead319607f3
ID1173,Aceh,Kota Langsa,178669,2020,8f6f09d2-95f7-42dc-b6f1-aead319607f3
ID1174,Aceh,Kota Lhokseumawe,207243,2020,8f6f09d2-95f7-42dc-b6f1-aead319607f3
ID1175,Aceh,Kota Subulussalam,81094,2020,8f6f09d2-95f7-42dc-b6f1-aead319607f3
ID1201,Sumatera Utara,Nias,144299,2020,8f6f09d2-95f7-42dc-b6f1-aead319607f3
ID1202,Sumatera Utara,Mandailing Natal,452894,2020,8f6f09d2-95f7-42dc-b6f1-aead319607f3
ID1203,Sumatera Utara,Tapanuli Selatan,283387,2020,8f6f09d2-95f7-42dc-b6f1-aead319607f3
ID1204,Sumatera Utara,Tapanuli Tengah,388758,2020,8f6f09d2-95f7-42dc-b6f1-aead319607f3
ID1205,Sumatera Utara,Tapanuli Utara,304478,2020,8f6f09d2-95f7-42dc-b6f1-aead319607f3
ID1206,Sumatera Utara,Toba Samosir,184269,2020,8f6f09d2-95f7-42dc-b6f1-aead319607f3
ID1207,Sumatera Utara,Labuhan Batu,508355,2020,8f6f09d2-95f7-42dc-b6f1-aead319607f3
ID1208,Sumatera Utara,Asahan,737451,2020,8f6f09d2-95f7-42dc-b6f1-aead319607f3
ID1209,Sumatera Utara,Simalungun,871702,2020,8f6f09d2-95f7-42dc-b6f1-aead319607f3
ID1210,Sumatera Utara,Dairi,284871,2020,8f6f09d2-95f7-42dc-b6f1-aead319607f3
ID1211,Sumatera Utara,Karo,427072,2020,8f6f09d2-95f7-42dc-b6f1-aead319607f3
ID1212,Sumatera Utara,Deli Serdang,2271291,2020,8f6f09d2-95f7-42dc-b6f1-aead319607f3
ID1213,Sumatera Utara,Langkat,1048663,2020,8f6f09d2-95f7-42dc-b6f1-aead319607f3
ID1214,Sumatera Utara,Nias Selatan,324011,2020,8f6f09d2-95f7-42dc-b6f1-aead319607f3
ID1215,Sumatera Utara,Humbang Hasundutan,192674,2020,8f6f09d2-95f7-42dc-b6f1-aead319607f3
ID1216,Sumatera Utara,Pakpak Bharat,50552,2020,8f6f09d2-95f7-42dc-b6f1-aead319607f3
ID1217,Sumatera Utara,Samosir,126561,2020,8f6f09d2-95f7-42dc-b6f1-aead319607f3
ID1218,Sumatera Utara,Serdang Bedagai,615883,2020,8f6f09d2-95f7-42dc-b6f1-aead319607f3
ID1219,Sumatera Utara,Batu Bara,422128,2020,8f6f09d2-95f7-42dc-b6f1-aead319607f3
ID1220,Sumatera Utara,Padang Lawas Utara,281753,2020,8f6f09d2-95f7-42dc-b6f1-aead319607f3
ID1221,Sumatera Utara,Padang Lawas,291772,2020,8f6f09d2-95f7-42dc-b6f1-aead319607f3
ID1222,Sumatera Utara,Labuhan Batu Selatan,350454,2020,8f6f09d2-95f7-42dc-b6f1-aead319607f3
ID1223,Sumatera Utara,Labuhan Batu Utara,368208,2020,8f6f09d2-95f7-42dc-b6f1-aead319607f3
ID1224,Sumatera Utara,Nias Utara,139046,2020,8f6f09d2-95f7-42dc-b6f1-aead319607f3
ID1225,Sumatera Utara,Nias Barat,82142,2020,8f6f09d2-95f7-42dc-b6f1-aead319607f3
ID1271,Sumatera Utara,Kota Sibolga,87565,2020,8f6f09d2-95f7-42dc-b6f1-aead319607f3
ID1272,Sumatera Utara,Kota Tanjung Balai,178307,2020,8f6f09d2-95f7-42dc-b6f1-aead319607f3
ID1273,Sumatera Utara,Kota Pematang Siantar,257650,2020,8f6f09d2-95f7-42dc-b6f1-aead319607f3
ID1274,Sumatera Utara,Kota Tebing Tinggi,167189,2020,8f6f09d2-95f7-42dc-b6f1-aead319607f3
ID1275,Sumatera Utara,Kota Medan,2301949,2020,8f6f09d2-95f7-42dc-b6f1-aead319607f3
ID1276,Sumatera Utara,Kota Binjai,281214,2020,8f6f09d2-95f7-42dc-b6f1-aead319607f3
ID1277,Sumatera Utara,Kota Padangsidimpuan,227052,2020,8f6f09d2-95f7-42dc-b6f1-aead319607f3
ID1278,Sumatera Utara,Kota Gunungsitoli,144804,2020,8f6f09d2-95f7-42dc-b6f1-aead319607f3
ID1301,Sumatera Barat,Kepulauan Mentawai,94979,2020,8f6f09d2-95f7-42dc-b6f1-aead319607f3
ID1302,Sumatera Barat,Pesisir Selatan,469575,2020,8f6f09d2-95f7-42dc-b6f1-aead319607f3
ID1303,Sumatera Barat,Solok,377477,2020,8f6f09d2-95f7-42dc-b6f1-aead319607f3
ID1304,Sumatera Barat,Sijunjung,243970,2020,8f6f09d2-95f7-42dc-b6f1-aead319607f3
ID1305,Sumatera Barat,Tanah Datar,349381,2020,8f6f09d2-95f7-42dc-b6f1-aead319607f3
ID1306,Sumatera Barat,Padang Pariaman,419446,2020,8f6f09d2-95f7-42dc-b6f1-aead319607f3
ID1307,Sumatera Barat,Agam,497299,2020,8f6f09d2-95f7-42dc-b6f1-aead319607f3
ID1308,Sumatera Barat,Lima Puluh Kota,388368,2020,8f6f09d2-95f7-42dc-b6f1-aead319607f3
ID1309,Sumatera Barat,Pasaman,286060,2020,8f6f09d2-95f7-42dc-b6f1-aead319607f3
ID1310,Sumatera Barat,Solok Selatan,176024,2020,8f6f09d2-95f7-42dc-b6f1-aead319607f3
ID1311,Sumatera Barat,Dharmasraya,258543,2020,8f6f09d2-95f7-42dc-b6f1-aead319607f3
ID1312,Sumatera Barat,Pasaman Barat,458334,2020,8f6f09d2-95f7-42dc-b6f1-aead319607f3
ID1371,Sumatera Barat,Kota Padang,971507,2020,8f6f09d2-95f7-42dc-b6f1-aead319607f3
ID1372,Sumatera Barat,Kota Solok,73049,2020,8f6f09d2-95f7-42dc-b6f1-aead319607f3
ID1373,Sumatera Barat,Kota Sawah Lunto,63359,2020,8f6f09d2-95f7-42dc-b6f1-aead319607f3
ID1374,Sumatera Barat,Kota Padang Panjang,54889,2020,8f6f09d2-95f7-42dc-b6f1-aead319607f3
ID1375,Sumatera Barat,Kota Bukittinggi,134217,2020,8f6f09d2-95f7-42dc-b6f1-aead319607f3
ID1376,Sumatera Barat,Kota Payakumbuh,139001,2020,8f6f09d2-95f7-42dc-b6f1-aead319607f3
ID1377,Sumatera Barat,Kota Pariaman,90228,2020,8f6f09d2-95f7-42dc-b6f1-aead319607f3
ID1401,Riau,Kuantan Singingi,321637,2020,8f6f09d2-95f7-42dc-b6f1-aead319607f3
ID1402,Riau,Indragiri Hulu,438533,2020,8f6f09d2-95f7-42dc-b6f1-aead319607f3
ID1403,Riau,Indragiri Hilir,720016,2020,8f6f09d2-95f7-42dc-b6f1-aead319607f3
ID1404,Riau,Pelalawan,495742,2020,8f6f09d2-95f7-42dc-b6f1-aead319607f3
ID1405,Riau,Siak,490325,2020,8f6f09d2-95f7-42dc-b6f1-aead319607f3
ID1406,Riau,Kampar,868723,2020,8f6f09d2-95f7-42dc-b6f1-aead319607f3
ID1407,Riau,Rokan Hulu,701882,2020,8f6f09d2-95f7-42dc-b6f1-aead319607f3
ID1408,Riau,Bengkalis,564689,2020,8f6f09d2-95f7-42dc-b6f1-aead319607f3
ID1409,Riau,Rokan Hilir,714190,2020,8f6f09d2-95f7-42dc-b6f1-aead319607f3
ID1410,Riau,Kepulauan Meranti,188075,2020,8f6f09d2-95f7-42dc-b6f1-aead319607f3
ID1471,Riau,Kota Pekanbaru,1141083,2020,8f6f09d2-95f7-42dc-b6f1-aead319607f3
ID1473,Riau,Kota Dumai,306322,2020,8f6f09d2-95f7-42dc-b6f1-aead319607f3
ID1501,Jambi,Kerinci,238375,2020,8f6f09d2-95f7-42dc-b6f1-aead319607f3
ID1502,Jambi,Merangin,386397,2020,8f6f09d2-95f7-42dc-b6f1-aead319607f3
ID1503,Jambi,Sarolangun,301669,2020,8f6f09d2-95f7-42dc-b6f1-aead319607f3
ID1504,Jambi,Batang Hari,270055,2020,8f6f09d2-95f7-42dc-b6f1-aead319607f3
ID1505,Jambi,Muaro Jambi,445573,2020,8f6f09d2-95f7-42dc-b6f1-aead319607f3
ID1506,Jambi,Tanjung Jabung Timur,214122,2020,8f6f09d2-95f7-42dc-b6f1-aead319607f3
ID1507,Jambi,Tanjung Jabung Barat,332820,2020,8f6f09d2-95f7-42dc-b6f1-aead319607f3
ID1508,Jambi,Tebo,352959,2020,8f6f09d2-95f7-42dc-b6f1-aead319607f3
ID1509,Jambi,Bungo,374871,2020,8f6f09d2-95f7-42dc-b6f1-aead319607f3
ID1571,Jambi,Kota Jambi,598848,2020,8f6f09d2-95f7-42dc-b6f1-aead319607f3
ID1572,Jambi,Kota Sungai Penuh,88497,2020,8f6f09d2-95f7-42dc-b6f1-aead319607f3
ID1601,Sumatera Selatan,Ogan Komering Ulu,373155,2020,8f6f09d2-95f7-42dc-b6f1-aead319607f3
ID1602,Sumatera Selatan,Ogan Komering Ilir,842570,2020,8f6f09d2-95f7-42dc-b6f1-aead319607f3
ID1603,Sumatera Selatan,Muara Enim,646315,2020,8f6f09d2-95f7-42dc-b6f1-aead319607f3
ID1604,Sumatera Selatan,Lahat,412957,2020,8f6f09d2-95f7-42dc-b6f1-aead319607f3
ID1605,Sumatera Selatan,Musi Rawas,410006,2020,8f6f09d2-95f7-42dc-b6f1-aead319607f3
ID1606,Sumatera Selatan,Musi Banyuasin,657966,2020,8f6f09d2-95f7-42dc-b6f1-aead319607f3
ID1607,Sumatera Selatan,Banyu Asin,867710,2020,8f6f09d2-95f7-42dc-b6f1-aead319607f3
ID1608,Sumatera Selatan,Ogan Komering Ulu Selatan,367407,2020,8f6f09d2-95f7-42dc-b6f1-aead319607f3
ID1609,Sumatera Selatan,Ogan Komering Ulu Timur,683293,2020,8f6f09d2-95f7-42dc-b6f1-aead319607f3
ID1610,Sumatera Selatan,Ogan Ilir,434293,2020,8f6f09d2-95f7-42dc-b6f1-aead319607f3
ID1611,Sumatera Selatan,Empat Lawang,253317,2020,8f6f09d2-95f7-42dc-b6f1-aead319607f3
ID1612,Sumatera Selatan,Penukal Abab Lematang Ilir,192525,2020,8f6f09d2-95f7-42dc-b6f1-aead319607f3
ID1613,Sumatera Selatan,Musi Rawas Utara,194808,2020,8f6f09d2-95f7-42dc-b6f1-aead319607f3
ID1671,Sumatera Selatan,Kota Palembang,1696244,2020,8f6f09d2-95f7-42dc-b6f1-aead319607f3
ID1672,Sumatera Selatan,Kota Prabumulih,191407,2020,8f6f09d2-95f7-42dc-b6f1-aead319607f3
ID1673,Sumatera Selatan,Kota Pagar Alam,140373,2020,8f6f09d2-95f7-42dc-b6f1-aead319607f3
ID1674,Sumatera Selatan,Kota Lubuklinggau,236419,2020,8f6f09d2-95f7-42dc-b6f1-aead319607f3
ID1701,Bengkulu,Bengkulu Selatan,171459,2020,8f6f09d2-95f7-42dc-b6f1-aead319607f3
ID1702,Bengkulu,Rejang Lebong,271211,2020,8f6f09d2-95f7-42dc-b6f1-aead319607f3
ID1703,Bengkulu,Bengkulu Utara,304053,2020,8f6f09d2-95f7-42dc-b6f1-aead319607f3
ID1704,Bengkulu,Kaur,122575,2020,8f6f09d2-95f7-42dc-b6f1-aead319607f3
ID1705,Bengkulu,Seluma,196501,2020,8f6f09d2-95f7-42dc-b6f1-aead319607f3
ID1706,Bengkulu,Mukomuko,187293,2020,8f6f09d2-95f7-42dc-b6f1-aead319607f3
ID1707,Bengkulu,Lebong,115565,2020,8f6f09d2-95f7-42dc-b6f1-aead319607f3
ID1708,Bengkulu,Kepahiang,140189,2020,8f6f09d2-95f7-42dc-b6f1-aead319607f3
ID1709,Bengkulu,Bengkulu Tengah,114037,2020,8f6f09d2-95f7-42dc-b6f1-aead319607f3
ID1771,Bengkulu,Kota Bengkulu,371466,2020,8f6f09d2-95f7-42dc-b6f1-aead319607f3
ID1801,Lampung,Lampung Barat,305376,2020,8f6f09d2-95f7-42dc-b6f1-aead319607f3
ID1802,Lampung,Tanggamus,604556,2020,8f6f09d2-95f7-42dc-b6f1-aead319607f3
ID1803,Lampung,Lampung Selatan,1021599,2020,8f6f09d2-95f7-42dc-b6f1-aead319607f3
ID1804,Lampung,Lampung Timur,1053526,2020,8f6f09d2-95f7-42dc-b6f1-aead319607f3
ID1805,Lampung,Lampung Tengah,1292199,2020,8f6f09d2-95f7-42dc-b6f1-aead319607f3
ID1806,Lampung,Lampung Utara,619625,2020,8f6f09d2-95f7-42dc-b6f1-aead319607f3
ID1807,Lampung,Way Kanan,454690,2020,8f6f09d2-95f7-42dc-b6f1-aead319607f3
ID1808,Lampung,Tulangbawang,456787,2020,8f6f09d2-95f7-42dc-b6f1-aead319607f3
ID1809,Lampung,Pesawaran,449073,2020,8f6f09d2-95f7-42dc-b6f1-aead319607f3
ID1810,Lampung,Pringsewu,403604,2020,8f6f09d2-95f7-42dc-b6f1-aead319607f3
ID1811,Lampung,Mesuji,201393,2020,8f6f09d2-95f7-42dc-b6f1-aead319607f3
ID1812,Lampung,Tulang Bawang Barat,275324,2020,8f6f09d2-95f7-42dc-b6f1-aead319607f3
ID1813,Lampung,Pesisir Barat,156097,2020,8f6f09d2-95f7-42dc-b6f1-aead319607f3
ID1871,Lampung,Kota Bandar Lampung,1071060,2020,8f6f09d2-95f7-42dc-b6f1-aead319607f3
ID1872,Lampung,Kota Metro,169940,2020,8f6f09d2-95f7-42dc-b6f1-aead319607f3
ID1901,Kepulauan Bangka Belitung,Bangka,333104,2020,8f6f09d2-95f7-42dc-b6f1-aead319607f3
ID1902,Kepulauan Bangka Belitung,Belitung,187400,2020,8f6f09d2-95f7-42dc-b6f1-aead319607f3
ID1903,Kepulauan Bangka Belitung,Bangka Barat,210623,2020,8f6f09d2-95f7-42dc-b6f1-aead319607f3
ID1904,Kepulauan Bangka Belitung,Bangka Tengah,193640,2020,8f6f09d2-95f7-42dc-b6f1-aead319607f3
ID1905,Kepulauan Bangka Belitung,Bangka Selatan,207223,2020,8f6f09d2-95f7-42dc-b6f1-aead319607f3
ID1906,Kepulauan Bangka Belitung,Belitung Timur,127816,2020,8f6f09d2-95f7-42dc-b6f1-aead319607f3
ID1971,Kepulauan Bangka Belitung,Kota Pangkal Pinang,210003,2020,8f6f09d2-95f7-42dc-b6f1-aead319607f3
ID2101,Kepulauan Riau,Karimun,236446,2020,8f6f09d2-95f7-42dc-b6f1-aead319607f3
ID2102,Kepulauan Riau,Bintan,162927,2020,8f6f09d2-95f7-42dc-b6f1-aead319607f3
ID2103,Kepulauan Riau,Natuna,79712,2020,8f6f09d2-95f7-42dc-b6f1-aead319607f3
ID2104,Kepulauan Riau,Lingga,90238,2020,8f6f09d2-95f7-42dc-b6f1-aead319607f3
ID2105,Kepulauan Riau,Kepulauan Anambas,43055,2020,8f6f09d2-95f7-42dc-b6f1-aead319607f3
ID2171,Kepulauan Riau,Kota Batam,1481077,2020,8f6f09d2-95f7-42dc-b6f1-aead319607f3
ID2172,Kepulauan Riau,Kota Tanjung Pinang,216074,2020,8f6f09d2-95f7-42dc-b6f1-aead319607f3
ID3101,Dki Jakarta,Kepulauan Seribu,25335,2020,8f6f09d2-95f7-42dc-b6f1-aead319607f3
ID3171,Dki Jakarta,Kota Jakarta Selatan,2278756,2020,8f6f09d2-95f7-42dc-b6f1-aead319607f3
ID3172,Dki Jakarta,Kota Jakarta Timur,2921673,2020,8f6f09d2-95f7-42dc-b6f1-aead319607f3
ID3173,Dki Jakarta,Kota Jakarta Pusat,910987,2020,8f6f09d2-95f7-42dc-b6f1-aead319607f3
ID3174,Dki Jakarta,Kota Jakarta Barat,2614998,2020,8f6f09d2-95f7-42dc-b6f1-aead319607f3
ID3175,Dki Jakarta,Kota Jakarta Utara,1824669,2020,8f6f09d2-95f7-42dc-b6f1-aead319607f3
ID3201,Jawa Barat,Bogor,5970749,2020,8f6f09d2-95f7-42dc-b6f1-aead319607f3
ID3202,Jawa Barat,Sukabumi,2513792,2020,8f6f09d2-95f7-42dc-b6f1-aead319607f3
ID3203,Jawa Barat,Cianjur,2317569,2020,8f6f09d2-95f7-42dc-b6f1-aead319607f3
ID3204,Jawa Barat,Bandung,3736230,2020,8f6f09d2-95f7-42dc-b6f1-aead319607f3
ID3205,Jawa Barat,Garut,2631146,2020,8f6f09d2-95f7-42dc-b6f1-aead319607f3
ID3206,Jawa Barat,Tasikmalaya,1792831,2020,8f6f09d2-95f7-42dc-b6f1-aead319607f3
ID3207,Jawa Barat,Ciamis,1206914,2020,8f6f09d2-95f7-42dc-b6f1-aead319607f3
ID3208,Jawa Barat,Kuningan,1089770,2020,8f6f09d2-95f7-42dc-b6f1-aead319607f3
ID3209,Jawa Barat,Cirebon,2195186,2020,8f6f09d2-95f7-42dc-b6f1-aead319607f3
ID3210,Jawa Barat,Majalengka,1220807,2020,8f6f09d2-95f7-42dc-b6f1-aead319607f3
ID3211,Jawa Barat,Sumedang,1174437,2020,8f6f09d2-95f7-42dc-b6f1-aead319607f3
ID3212,Jawa Barat,Indramayu,1746593,2020,8f6f09d2-95f7-42dc-b6f1-aead319607f3
ID3213,Jawa Barat,Subang,1578518,2020,8f6f09d2-95f7-42dc-b6f1-aead319607f3
ID3214,Jawa Barat,Purwakarta,951106,2020,8f6f09d2-95f7-42dc-b6f1-aead319607f3
ID3215,Jawa Barat,Karawang,2346860,2020,8f6f09d2-95f7-42dc-b6f1-aead319607f3
ID3216,Jawa Barat,Bekasi,3805210,2020,8f6f09d2-95f7-42dc-b6f1-aead319607f3
ID3217,Jawa Barat,Bandung Barat,1681687,2020,8f6f09d2-95f7-42dc-b6f1-aead319607f3
ID3218,Jawa Barat,Pangandaran,403231,2020,8f6f09d2-95f7-42dc-b6f1-aead319607f3
ID3271,Jawa Barat,Kota Bogor,1098927,2020,8f6f09d2-95f7-42dc-b6f1-aead319607f3
ID3272,Jawa Barat,Kota Sukabumi,328402,2020,8f6f09d2-95f7-42dc-b6f1-aead319607f3
ID3273,Jawa Barat,Kota Bandung,2562709,2020,8f6f09d2-95f7-42dc-b6f1-aead319607f3
ID3274,Jawa Barat,Kota Cirebon,317488,2020,8f6f09d2-95f7-42dc-b6f1-aead319607f3
ID3275,Jawa Barat,Kota Bekasi,3000077,2020,8f6f09d2-95f7-42dc-b6f1-aead319607f3
ID3276,Jawa Barat,Kota Depok,2424079,2020,8f6f09d2-95f7-42dc-b6f1-aead319607f3
ID3277,Jawa Barat,Kota Cimahi,604602,2020,8f6f09d2-95f7-42dc-b6f1-aead319607f3
ID3278,Jawa Barat,Kota Tasikmalaya,678916,2020,8f6f09d2-95f7-42dc-b6f1-aead319607f3
ID3279,Jawa Barat,Kota Banjar,187330,2020,8f6f09d2-95f7-42dc-b6f1-aead319607f3
ID3301,Jawa Tengah,Cilacap,1724302,2020,8f6f09d2-95f7-42dc-b6f1-aead319607f3
ID3302,Jawa Tengah,Banyumas,1696943,2020,8f6f09d2-95f7-42dc-b6f1-aead319607f3
ID3303,Jawa Tengah,Purbalingga,936962,2020,8f6f09d2-95f7-42dc-b6f1-aead319607f3
ID3304,Jawa Tengah,Banjarnegara,922661,2020,8f6f09d2-95f7-42dc-b6f1-aead319607f3
ID3305,Jawa Tengah,Kebumen,1193408,2020,8f6f09d2-95f7-42dc-b6f1-aead319607f3
ID3306,Jawa Tengah,Purworejo,715671,2020,8f6f09d2-95f7-42dc-b6f1-aead319607f3
ID3307,Jawa Tengah,Wonosobo,788834,2020,8f6f09d2-95f7-42dc-b6f1-aead319607f3
ID3308,Jawa Tengah,Magelang,1294076,2020,8f6f09d2-95f7-42dc-b6f1-aead319607f3
ID3309,Jawa Tengah,Boyolali,983883,2020,8f6f09d2-95f7-42dc-b6f1-aead319607f3
ID3310,Jawa Tengah,Klaten,1171582,2020,8f6f09d2-95f7-42dc-b6f1-aead319607f3
ID3311,Jawa Tengah,Sukoharjo,893076,2020,8f6f09d2-95f7-42dc-b6f1-aead319607f3
ID3312,Jawa Tengah,Wonogiri,955767,2020,8f6f09d2-95f7-42dc-b6f1-aead319607f3
ID3313,Jawa Tengah,Karanganyar,888797,2020,8f6f09d2-95f7-42dc-b6f1-aead319607f3
ID3314,Jawa Tengah,Sragen,887693,2020,8f6f09d2-95f7-42dc-b6f1-aead319607f3
ID3315,Jawa Tengah,Grobogan,1375969,2020,8f6f09d2-95f7-42dc-b6f1-aead319607f3
ID3316,Jawa Tengah,Blora,862877,2020,8f6f09d2-95f7-42dc-b6f1-aead319607f3
ID3317,Jawa Tengah,Rembang,639139,2020,8f6f09d2-95f7-42dc-b6f1-aead319607f3
ID3318,Jawa Tengah,Pati,1258101,2020,8f6f09d2-95f7-42dc-b6f1-aead319607f3
ID3319,Jawa Tengah,Kudus,875999,2020,8f6f09d2-95f7-42dc-b6f1-aead319607f3
ID3320,Jawa Tengah,Jepara,1268020,2020,8f6f09d2-95f7-42dc-b6f1-aead319607f3
ID3321,Jawa Tengah,Demak,1167037,2020,8f6f09d2-95f7-42dc-b6f1-aead319607f3
ID3322,Jawa Tengah,Semarang,1060912,2020,8f6f09d2-95f7-42dc-b6f1-aead319607f3
ID3323,Jawa Tengah,Temanggung,773855,2020,8f6f09d2-95f7-42dc-b6f1-aead319607f3
ID3324,Jawa Tengah,Kendal,972063,2020,8f6f09d2-95f7-42dc-b6f1-aead319607f3
ID3325,Jawa Tengah,Batang,770230,2020,8f6f09d2-95f7-42dc-b6f1-aead319607f3
ID3326,Jawa Tengah,Pekalongan,897858,2020,8f6f09d2-95f7-42dc-b6f1-aead319607f3
ID3327,Jawa Tengah,Pemalang,1298111,2020,8f6f09d2-95f7-42dc-b6f1-aead319607f3
ID3328,Jawa Tengah,Tegal,1435147,2020,8f6f09d2-95f7-42dc-b6f1-aead319607f3
ID3329,Jawa Tengah,Brebes,1804270,2020,8f6f09d2-95f7-42dc-b6f1-aead319607f3
ID3371,Jawa Tengah,Kota Magelang,121704,2020,8f6f09d2-95f7-42dc-b6f1-aead319607f3
ID3372,Jawa Tengah,Kota Surakarta,518080,2020,8f6f09d2-95f7-42dc-b6f1-aead319607f3
ID3373,Jawa Tengah,Kota Salatiga,195565,2020,8f6f09d2-95f7-42dc-b6f1-aead319607f3
ID3374,Jawa Tengah,Kota Semarang,1832753,2020,8f6f09d2-95f7-42dc-b6f1-aead319607f3
ID3375,Jawa Tengah,Kota Pekalongan,307706,2020,8f6f09d2-95f7-42dc-b6f1-aead319607f3
ID3376,Jawa Tengah,Kota Tegal,249193,2020,8f6f09d2-95f7-42dc-b6f1-aead319607f3
ID3401,Daerah Istimewa Yogyakarta,Kulon Progo,437373,2020,8f6f09d2-95f7-42dc-b6f1-aead319607f3
ID3402,Daerah Istimewa Yogyakarta,Bantul,1036489,2020,8f6f09d2-95f7-42dc-b6f1-aead319607f3
ID3403,Daerah Istimewa Yogyakarta,Gunung Kidul,758316,2020,8f6f09d2-95f7-42dc-b6f1-aead319607f3
ID3404,Daerah Istimewa Yogyakarta,Sleman,1248258,2020,8f6f09d2-95f7-42dc-b6f1-aead319607f3
ID3471,Daerah Istimewa Yogyakarta,Kota Yogyakarta,438761,2020,8f6f09d2-95f7-42dc-b6f1-aead319607f3
ID3501,Jawa Timur,Pacitan,556419,2020,8f6f09d2-95f7-42dc-b6f1-aead319607f3
ID3502,Jawa Timur,Ponorogo,875950,2020,8f6f09d2-95f7-42dc-b6f1-aead319607f3
ID3503,Jawa Timur,Trenggalek,698158,2020,8f6f09d2-95f7-42dc-b6f1-aead319607f3
ID3504,Jawa Timur,Tulungagung,1043729,2020,8f6f09d2-95f7-42dc-b6f1-aead319607f3
ID3505,Jawa Timur,Blitar,1164649,2020,8f6f09d2-95f7-42dc-b6f1-aead319607f3
ID3506,Jawa Timur,Kediri,1581175,2020,8f6f09d2-95f7-42dc-b6f1-aead319607f3
ID3507,Jawa Timur,Malang,2622886,2020,8f6f09d2-95f7-42dc-b6f1-aead319607f3
ID3508,Jawa Timur,Lumajang,1045115,2020,8f6f09d2-95f7-42dc-b6f1-aead319607f3
ID3509,Jawa Timur,Jember,2462003,2020,8f6f09d2-95f7-42dc-b6f1-aead319607f3
ID3510,Jawa Timur,Banyuwangi,1618598,2020,8f6f09d2-95f7-42dc-b6f1-aead319607f3
ID3511,Jawa Timur,Bondowoso,779471,2020,8f6f09d2-95f7-42dc-b6f1-aead319607f3
ID3512,Jawa Timur,Situbondo,686413,2020,8f6f09d2-95f7-42dc-b6f1-aead319607f3
ID3513,Jawa Timur,Probolinggo,1175856,2020,8f6f09d2-95f7-42dc-b6f1-aead319607f3
ID3514,Jawa Timur,Pasuruan,1639550,2020,8f6f09d2-95f7-42dc-b6f1-aead319607f3
ID3515,Jawa Timur,Sidoarjo,2287578,2020,8f6f09d2-95f7-42dc-b6f1-aead319607f3
ID3516,Jawa Timur,Mojokerto,1127882,2020,8f6f09d2-95f7-42dc-b6f1-aead319607f3
ID3517,Jawa Timur,Jombang,1269257,2020,8f6f09d2-95f7-42dc-b6f1-aead319607f3
ID3518,Jawa Timur,Nganjuk,1057547,2020,8f6f09d2-95f7-42dc-b6f1-aead319607f3
ID3519,Jawa Timur,Madiun,684279,2020,8f6f09d2-95f7-42dc-b6f1-aead319607f3
ID3520,Jawa Timur,Magetan,635024,2020,8f6f09d2-95f7-42dc-b6f1-aead319607f3
ID3521,Jawa Timur,Ngawi,838842,2020,8f6f09d2-95f7-42dc-b6f1-aead319607f3
ID3522,Jawa Timur,Bojonegoro,1252657,2020,8f6f09d2-95f7-42dc-b6f1-aead319607f3
ID3523,Jawa Timur,Tuban,1177771,2020,8f6f09d2-95f7-42dc-b6f1-aead319607f3
ID3524,Jawa Timur,Lamongan,1202310,2020,8f6f09d2-95f7-42dc-b6f1-aead319607f3
ID3525,Jawa Timur,Gresik,1328601,2020,8f6f09d2-95f7-42dc-b6f1-aead319607f3
ID3526,Jawa Timur,Bangkalan,995438,2020,8f6f09d2-95f7-42dc-b6f1-aead319607f3
ID3527,Jawa Timur,Sampang,990691,2020,8f6f09d2-95f7-42dc-b6f1-aead319607f3
ID3528,Jawa Timur,Pamekasan,889610,2020,8f6f09d2-95f7-42dc-b6f1-aead319607f3
ID3529,Jawa Timur,Sumenep,1093150,2020,8f6f09d2-95f7-42dc-b6f1-aead319607f3
ID3571,Jawa Timur,Kota Kediri,289519,2020,8f6f09d2-95f7-42dc-b6f1-aead319607f3
ID3572,Jawa Timur,Kota Blitar,142920,2020,8f6f09d2-95f7-42dc-b6f1-aead319607f3
ID3573,Jawa Timur,Kota Malang,875771,2020,8f6f09d2-95f7-42dc-b6f1-aead319607f3
ID3574,Jawa Timur,Kota Probolinggo,239444,2020,8f6f09d2-95f7-42dc-b6f1-aead319607f3
ID3575,Jawa Timur,Kota Pasuruan,201924,2020,8f6f09d2-95f7-42dc-b6f1-aead319607f3
ID3576,Jawa Timur,Kota Mojokerto,130358,2020,8f6f09d2-95f7-42dc-b6f1-aead319607f3
ID3577,Jawa Timur,Kota Madiun,177567,2020,8f6f09d2-95f7-42dc-b6f1-aead319607f3
ID3578,Jawa Timur,Kota Surabaya,2908309,2020,8f6f09d2-95f7-42dc-b6f1-aead319607f3
ID3579,Jawa Timur,Kota Batu,209520,2020,8f6f09d2-95f7-42dc-b6f1-aead319607f3
ID3601,Banten,Pandeglang,1223033,2020,8f6f09d2-95f7-42dc-b6f1-aead319607f3
ID3602,Banten,Lebak,1305824,2020,8f6f09d2-95f7-42dc-b6f1-aead319607f3
ID3603,Banten,Tangerang,3768022,2020,8f6f09d2-95f7-42dc-b6f1-aead319607f3
ID3604,Banten,Serang,1510912,2020,8f6f09d2-95f7-42dc-b6f1-aead319607f3
ID3671,Banten,Kota Tangerang,2237237,2020,8f6f09d2-95f7-42dc-b6f1-aead319607f3
ID3672,Banten,Kota Cilegon,441957,2020,8f6f09d2-95f7-42dc-b6f1-aead319607f3
ID3673,Banten,Kota Serang,697835,2020,8f6f09d2-95f7-42dc-b6f1-aead319607f3
ID3674,Banten,Kota Tangerang Selatan,1710438,2020,8f6f09d2-95f7-42dc-b6f1-aead319607f3
ID5101,Bali,Jembrana,280396,2020,8f6f09d2-95f7-42dc-b6f1-aead319607f3
ID5102,Bali,Tabanan,449172,2020,8f6f09d2-95f7-42dc-b6f1-aead319607f3
ID5103,Bali,Badung,695009,2020,8f6f09d2-95f7-42dc-b6f1-aead319607f3
ID5104,Bali,Gianyar,518982,2020,8f6f09d2-95f7-42dc-b6f1-aead319607f3
ID5105,Bali,Klungkung,179947,2020,8f6f09d2-95f7-42dc-b6f1-aead319607f3
ID5106,Bali,Bangli,228827,2020,8f6f09d2-95f7-42dc-b6f1-aead319607f3
ID5107,Bali,Karang Asem,418986,2020,8f6f09d2-95f7-42dc-b6f1-aead319607f3
ID5108,Bali,Buleleng,665534,2020,8f6f09d2-95f7-42dc-b6f1-aead319607f3
ID5171,Bali,Kota Denpasar,977578,2020,8f6f09d2-95f7-42dc-b6f1-aead319607f3
ID5201,Nusa Tenggara Barat,Lombok Barat,718503,2020,8f6f09d2-95f7-42dc-b6f1-aead319607f3
ID5202,Nusa Tenggara Barat,Lombok Tengah,973835,2020,8f6f09d2-95f7-42dc-b6f1-aead319607f3
ID5203,Nusa Tenggara Barat,Lombok Timur,1232276,2020,8f6f09d2-95f7-42dc-b6f1-aead319607f3
ID5204,Nusa Tenggara Barat,Sumbawa,470512,2020,8f6f09d2-95f7-42dc-b6f1-aead319607f3
ID5205,Nusa Tenggara Barat,Dompu,260831,2020,8f6f09d2-95f7-42dc-b6f1-aead319607f3
ID5206,Nusa Tenggara Barat,Bima,502729,2020,8f6f09d2-95f7-42dc-b6f1-aead319607f3
ID5207,Nusa Tenggara Barat,Sumbawa Barat,155452,2020,8f6f09d2-95f7-42dc-b6f1-aead319607f3
ID5208,Nusa Tenggara Barat,Lombok Utara,226295,2020,8f6f09d2-95f7-42dc-b6f1-aead319607f3
ID5271,Nusa Tenggara Barat,Kota Mataram,505660,2020,8f6f09d2-95f7-42dc-b6f1-aead319607f3
ID5272,Nusa Tenggara Barat,Kota Bima,179822,2020,8f6f09d2-95f7-42dc-b6f1-aead319607f3
ID5301,Nusa Tenggara Timur,Sumba Barat,131704,2020,8f6f09d2-95f7-42dc-b6f1-aead319607f3
ID5302,Nusa Tenggara Timur,Sumba Timur,261812,2020,8f6f09d2-95f7-42dc-b6f1-aead319607f3
ID5303,Nusa Tenggara Timur,Kupang,390658,2020,8f6f09d2-95f7-42dc-b6f1-aead319607f3
ID5304,Nusa Tenggara Timur,Timor Tengah Selatan,470615,2020,8f6f09d2-95f7-42dc-b6f1-aead319607f3
ID5305,Nusa Tenggara Timur,Timor Tengah Utara,256375,2020,8f6f09d2-95f7-42dc-b6f1-aead319607f3
ID5306,Nusa Tenggara Timur,Belu,223471,2020,8f6f09d2-95f7-42dc-b6f1-aead319607f3
ID5307,Nusa Tenggara Timur,Alor,206952,2020,8f6f09d2-95f7-42dc-b6f1-aead319607f3
ID5308,Nusa Tenggara Timur,Lembata,145825,2020,8f6f09d2-95f7-42dc-b6f1-aead319607f3
ID5309,Nusa Tenggara Timur,Flores Timur,257937,2020,8f6f09d2-95f7-42dc-b6f1-aead319607f3
ID5310,Nusa Tenggara Timur,Sikka,321879,2020,8f6f09d2-95f7-42dc-b6f1-aead319607f3
ID5311,Nusa Tenggara Timur,Ende,274602,2020,8f6f09d2-95f7-42dc-b6f1-aead319607f3
ID5312,Nusa Tenggara Timur,Ngada,165350,2020,8f6f09d2-95f7-42dc-b6f1-aead319607f3
ID5313,Nusa Tenggara Timur,Manggarai,343488,2020,8f6f09d2-95f7-42dc-b6f1-aead319607f3
ID5314,Nusa Tenggara Timur,Rote Ndao,179171,2020,8f6f09d2-95f7-42dc-b6f1-aead319607f3
ID5315,Nusa Tenggara Timur,Manggarai Barat,281017,2020,8f6f09d2-95f7-42dc-b6f1-aead319607f3
ID5316,Nusa Tenggara Timur,Sumba Tengah,73619,2020,8f6f09d2-95f7-42dc-b6f1-aead319607f3
ID5317,Nusa Tenggara Timur,Sumba Barat Daya,351633,2020,8f6f09d2-95f7-42dc-b6f1-aead319607f3
ID5318,Nusa Tenggara Timur,Nagekeo,147088,2020,8f6f09d2-95f7-42dc-b6f1-aead319607f3
ID5319,Nusa Tenggara Timur,Manggarai Timur,288901,2020,8f6f09d2-95f7-42dc-b6f1-aead319607f3
ID5320,Nusa Tenggara Timur,Sabu Raijua,99493,2020,8f6f09d2-95f7-42dc-b6f1-aead319607f3
ID5321,Nusa Tenggara Timur,Malaka,194955,2020,8f6f09d2-95f7-42dc-b6f1-aead319607f3
ID5371,Nusa Tenggara Timur,Kota Kupang,446857,2020,8f6f09d2-95f7-42dc-b6f1-aead319607f3
ID6101,Kalimantan Barat,Sambas,539937,2020,8f6f09d2-95f7-42dc-b6f1-aead319607f3
ID6102,Kalimantan Barat,Bengkayang,258423,2020,8f6f09d2-95f7-42dc-b6f1-aead319607f3
ID6103,Kalimantan Barat,Landak,379450,2020,8f6f09d2-95f7-42dc-b6f1-aead319607f3
ID6104,Kalimantan Barat,Mempawah,265065,2020,8f6f09d2-95f7-42dc-b6f1-aead319607f3
ID6105,Kalimantan Barat,Sanggau,473459,2020,8f6f09d2-95f7-42dc-b6f1-aead319607f3
ID6106,Kalimantan Barat,Ketapang,517829,2020,8f6f09d2-95f7-42dc-b6f1-aead319607f3
ID6107,Kalimantan Barat,Sintang,421321,2020,8f6f09d2-95f7-42dc-b6f1-aead319607f3
ID6108,Kalimantan Barat,Kapuas Hulu,266209,2020,8f6f09d2-95f7-42dc-b6f1-aead319607f3
ID6109,Kalimantan Barat,Sekadau,201458,2020,8f6f09d2-95f7-42dc-b6f1-aead319607f3
ID6110,Kalimantan Barat,Melawi,210191,2020,8f6f09d2-95f7-42dc-b6f1-aead319607f3
ID6111,Kalimantan Barat,Kayong Utara,113730,2020,8f6f09d2-95f7-42dc-b6f1-aead319607f3
ID6112,Kalimantan Barat,Kubu Raya,581291,2020,8f6f09d2-95f7-42dc-b6f1-aead319607f3
ID6171,Kalimantan Barat,Kota Pontianak,650762,2020,8f6f09d2-95f7-42dc-b6f1-aead319607f3
ID6172,Kalimantan Barat,Kota Singkawang,225775,2020,8f6f09d2-95f7-42dc-b6f1-aead319607f3
ID6201,Kalimantan Tengah,Kotawaringin Barat,307079,2020,8f6f09d2-95f7-42dc-b6f1-aead319607f3
ID6202,Kalimantan Tengah,Kotawaringin Timur,454427,2020,8f6f09d2-95f7-42dc-b6f1-aead319607f3
ID6203,Kalimantan Tengah,Kapuas,361284,2020,8f6f09d2-95f7-42dc-b6f1-aead319607f3
ID6204,Kalimantan Tengah,Barito Selatan,138021,2020,8f6f09d2-95f7-42dc-b6f1-aead319607f3
ID6205,Kalimantan Tengah,Barito Utara,131381,2020,8f6f09d2-95f7-42dc-b6f1-aead319607f3
ID6206,Kalimantan Tengah,Sukamara,63686,2020,8f6f09d2-95f7-42dc-b6f1-aead319607f3
ID6207,Kalimantan Tengah,Lamandau,80973,2020,8f6f09d2-95f7-42dc-b6f1-aead319607f3
ID6208,Kalimantan Tengah,Seruyan,204275,2020,8f6f09d2-95f7-42dc-b6f1-aead319607f3
ID6209,Kalimantan Tengah,Katingan,172438,2020,8f6f09d2-95f7-42dc-b6f1-aead319607f3
ID6210,Kalimantan Tengah,Pulang Pisau,127704,2020,8f6f09d2-95f7-42dc-b6f1-aead319607f3
ID6211,Kalimantan Tengah,Gunung Mas,116772,2020,8f6f09d2-95f7-42dc-b6f1-aead319607f3
ID6212,Kalimantan Tengah,Barito Timur,124274,2020,8f6f09d2-95f7-42dc-b6f1-aead319607f3
ID6213,Kalimantan Tengah,Murung Raya,117868,2020,8f6f09d2-95f7-42dc-b6f1-aead319607f3
ID6271,Kalimantan Tengah,Kota Palangka Raya,286070,2020,8f6f09d2-95f7-42dc-b6f1-aead319607f3
ID6301,Kalimantan Selatan,Tanah Laut,344718,2020,8f6f09d2-95f7-42dc-b6f1-aead319607f3
ID6302,Kalimantan Selatan,Kota Baru,343267,2020,8f6f09d2-95f7-42dc-b6f1-aead319607f3
ID6303,Kalimantan Selatan,Banjar,589085,2020,8f6f09d2-95f7-42dc-b6f1-aead319607f3
ID6304,Kalimantan Selatan,Barito Kuala,312939,2020,8f6f09d2-95f7-42dc-b6f1-aead319607f3
ID6305,Kalimantan Selatan,Tapin,191093,2020,8f6f09d2-95f7-42dc-b6f1-aead319607f3
ID6306,Kalimantan Selatan,Hulu Sungai Selatan,235856,2020,8f6f09d2-95f7-42dc-b6f1-aead319607f3
ID6307,Kalimantan Selatan,Hulu Sungai Tengah,270183,2020,8f6f09d2-95f7-42dc-b6f1-aead319607f3
ID6308,Kalimantan Selatan,Hulu Sungai Utara,235841,2020,8f6f09d2-95f7-42dc-b6f1-aead319607f3
ID6309,Kalimantan Selatan,Tabalong,255088,2020,8f6f09d2-95f7-42dc-b6f1-aead319607f3
ID6310,Kalimantan Selatan,Tanah Bumbu,383370,2020,8f6f09d2-95f7-42dc-b6f1-aead319607f3
ID6311,Kalimantan Selatan,Balangan,131655,2020,8f6f09d2-95f7-42dc-b6f1-aead319607f3
ID6371,Kalimantan Selatan,Kota Banjarmasin,708576,2020,8f6f09d2-95f7-42dc-b6f1-aead319607f3
ID6372,Kalimantan Selatan,Kota Banjar Baru,266939,2020,8f6f09d2-95f7-42dc-b6f1-aead319607f3
ID6401,Kalimantan Timur,Paser,280533,2020,8f6f09d2-95f7-42dc-b6f1-aead319607f3
ID6402,Kalimantan Timur,Kutai Barat,149731,2020,8f6f09d2-95f7-42dc-b6f1-aead319607f3
ID6403,Kalimantan Timur,Kutai Kartanegara,772346,2020,8f6f09d2-95f7-42dc-b6f1-aead319607f3
ID6404,Kalimantan Timur,Kutai Timur,376199,2020,8f6f09d2-95f7-42dc-b6f1-aead319607f3
ID6405,Kalimantan Timur,Berau,228857,2020,8f6f09d2-95f7-42dc-b6f1-aead319607f3
ID6409,Kalimantan Timur,Penajam Paser Utara,158750,2020,8f6f09d2-95f7-42dc-b6f1-aead319607f3
ID6411,Kalimantan Timur,Mahakam Hulu,26639,2020,8f6f09d2-95f7-42dc-b6f1-aead319607f3
ID6471,Kalimantan Timur,Kota Balikpapan,638586,2020,8f6f09d2-95f7-42dc-b6f1-aead319607f3
ID6472,Kalimantan Timur,Kota Samarinda,852946,2020,8f6f09d2-95f7-42dc-b6f1-aead319607f3
ID6474,Kalimantan Timur,Kota Bontang,180086,2020,8f6f09d2-95f7-42dc-b6f1-aead319607f3
ID6501,Kalimantan Utara,Malinau,86318,2020,8f6f09d2-95f7-42dc-b6f1-aead319607f3
ID6502,Kalimantan Utara,Bulungan,133869,2020,8f6f09d2-95f7-42dc-b6f1-aead319607f3
ID6503,Kalimantan Utara,Tana Tidung,27923,2020,8f6f09d2-95f7-42dc-b6f1-aead319607f3
ID6504,Kalimantan Utara,Nunukan,201634,2020,8f6f09d2-95f7-42dc-b6f1-aead319607f3
ID6571,Kalimantan Utara,Kota Tarakan,258608,2020,8f6f09d2-95f7-42dc-b6f1-aead319607f3
ID7101,Sulawesi Utara,Bolaang Mongondow,249566,2020,8f6f09d2-95f7-42dc-b6f1-aead319607f3
ID7102,Sulawesi Utara,Minahasa,341457,2020,8f6f09d2-95f7-42dc-b6f1-aead319607f3
ID7103,Sulawesi Utara,Kepulauan Sangihe,131811,2020,8f6f09d2-95f7-42dc-b6f1-aead319607f3
ID7104,Sulawesi Utara,Kepulauan Talaud,92484,2020,8f6f09d2-95f7-42dc-b6f1-aead319607f3
ID7105,Sulawesi Utara,Minahasa Selatan,210400,2020,8f6f09d2-95f7-42dc-b6f1-aead319607f3
ID7106,Sulawesi Utara,Minahasa Utara,203232,2020,8f6f09d2-95f7-42dc-b6f1-aead319607f3
ID7107,Sulawesi Utara,Bolaang Mongondow Utara,80741,2020,8f6f09d2-95f7-42dc-b6f1-aead319607f3
ID7108,Sulawesi Utara,Siau Tagulandang Biaro,66983,2020,8f6f09d2-95f7-42dc-b6f1-aead319607f3
ID7109,Sulawesi Utara,Minahasa Tenggara,106525,2020,8f6f09d2-95f7-42dc-b6f1-aead319607f3
ID7110,Sulawesi Utara,Bolaang Mongondow Selatan,66545,2020,8f6f09d2-95f7-42dc-b6f1-aead319607f3
ID7111,Sulawesi Utara,Bolaang Mongondow Timur,72597,2020,8f6f09d2-95f7-42dc-b6f1-aead319607f3
ID7171,Sulawesi Utara,Kota Manado,432264,2020,8f6f09d2-95f7-42dc-b6f1-aead319607f3
ID7172,Sulawesi Utara,Kota Bitung,220673,2020,8f6f09d2-95f7-42dc-b6f1-aead319607f3
ID7173,Sulawesi Utara,Kota Tomohon,107643,2020,8f6f09d2-95f7-42dc-b6f1-aead319607f3
ID7174,Sulawesi Utara,Kota Kotamobagu,130021,2020,8f6f09d2-95f7-42dc-b6f1-aead319607f3
ID7201,Sulawesi Tengah,Banggai Kepulauan,118553,2020,8f6f09d2-95f7-42dc-b6f1-aead319607f3
ID7202,Sulawesi Tengah,Banggai,380857,2020,8f6f09d2-95f7-42dc-b6f1-aead319607f3
ID7203,Sulawesi Tengah,Morowali,122786,2020,8f6f09d2-95f7-42dc-b6f1-aead319607f3
ID7204,Sulawesi Tengah,Poso,260112,2020,8f6f09d2-95f7-42dc-b6f1-aead319607f3
ID7205,Sulawesi Tengah,Donggala,304829,2020,8f6f09d2-95f7-42dc-b6f1-aead319607f3
ID7206,Sulawesi Tengah,Toli-Toli,236837,2020,8f6f09d2-95f7-42dc-b6f1-aead319607f3
ID7207,Sulawesi Tengah,Buol,164572,2020,8f6f09d2-95f7-42dc-b6f1-aead319607f3
ID7208,Sulawesi Tengah,Parigi Moutong,496804,2020,8f6f09d2-95f7-42dc-b6f1-aead319607f3
ID7209,Sulawesi Tengah,Tojo Una-Una,154833,2020,8f6f09d2-95f7-42dc-b6f1-aead319607f3
ID7210,Sulawesi Tengah,Sigi,240107,2020,8f6f09d2-95f7-42dc-b6f1-aead319607f3
ID7211,Sulawesi Tengah,Banggai Laut,76090,2020,8f6f09d2-95f7-42dc-b6f1-aead319607f3
ID7212,Sulawesi Tengah,Morowali Utara,130443,2020,8f6f09d2-95f7-42dc-b6f1-aead319607f3
ID7271,Sulawesi Tengah,Kota Palu,394897,2020,8f6f09d2-95f7-42dc-b6f1-aead319607f3
ID7301,Sulawesi Selatan,Kepulauan Selayar,135218,2020,8f6f09d2-95f7-42dc-b6f1-aead319607f3
ID7302,Sulawesi Selatan,Bulukumba,420347,2020,8f6f09d2-95f7-42dc-b6f1-aead319607f3
ID7303,Sulawesi Selatan,Bantaeng,188361,2020,8f6f09d2-95f7-42dc-b6f1-aead319607f3
ID7304,Sulawesi Selatan,Jeneponto,365503,2020,8f6f09d2-95f7-42dc-b6f1-aead319607f3
ID7305,Sulawesi Selatan,Takalar,296932,2020,8f6f09d2-95f7-42dc-b6f1-aead319607f3
ID7306,Sulawesi Selatan,Gowa,770864,2020,8f6f09d2-95f7-42dc-b6f1-aead319607f3
ID7307,Sulawesi Selatan,Sinjai,244443,2020,8f6f09d2-95f7-42dc-b6f1-aead319607f3
ID7308,Sulawesi Selatan,Maros,354521,2020,8f6f09d2-95f7-42dc-b6f1-aead319607f3
ID7309,Sulawesi Selatan,Pangkajene Dan Kepulauan,337123,2020,8f6f09d2-95f7-42dc-b6f1-aead319607f3
ID7310,Sulawesi Selatan,Barru,174517,2020,8f6f09d2-95f7-42dc-b6f1-aead319607f3
ID7311,Sulawesi Selatan,Bone,755818,2020,8f6f09d2-95f7-42dc-b6f1-aead319607f3
ID7312,Sulawesi Selatan,Soppeng,229143,2020,8f6f09d2-95f7-42dc-b6f1-aead319607f3
ID7313,Sulawesi Selatan,Wajo,404258,2020,8f6f09d2-95f7-42dc-b6f1-aead319607f3
ID7314,Sulawesi Selatan,Sidenreng Rappang,300914,2020,8f6f09d2-95f7-42dc-b6f1-aead319607f3
ID7315,Sulawesi Selatan,Pinrang,378995,2020,8f6f09d2-95f7-42dc-b6f1-aead319607f3
ID7316,Sulawesi Selatan,Enrekang,208450,2020,8f6f09d2-95f7-42dc-b6f1-aead319607f3
ID7317,Sulawesi Selatan,Luwu,366876,2020,8f6f09d2-95f7-42dc-b6f1-aead319607f3
ID7318,Sulawesi Selatan,Tana Toraja,237913,2020,8f6f09d2-95f7-42dc-b6f1-aead319607f3
ID7322,Sulawesi Selatan,Luwu Utara,315699,2020,8f6f09d2-95f7-42dc-b6f1-aead319607f3
ID7325,Sulawesi Selatan,Luwu Timur,298889,2020,8f6f09d2-95f7-42dc-b6f1-aead319607f3
ID7326,Sulawesi Selatan,Toraja Utara,235456,2020,8f6f09d2-95f7-42dc-b6f1-aead319607f3
ID7371,Sulawesi Selatan,Kota Makassar,1538207,2020,8f6f09d2-95f7-42dc-b6f1-aead319607f3
ID7372,Sulawesi Selatan,Kota Parepare,145783,2020,8f6f09d2-95f7-42dc-b6f1-aead319607f3
ID7373,Sulawesi Selatan,Kota Palopo,184532,2020,8f6f09d2-95f7-42dc-b6f1-aead319607f3
ID7401,Sulawesi Tenggara,Buton,102112,2020,8f6f09d2-95f7-42dc-b6f1-aead319607f3
ID7402,Sulawesi Tenggara,Muna,224043,2020,8f6f09d2-95f7-42dc-b6f1-aead319607f3
ID7403,Sulawesi Tenggara,Konawe,247239,2020,8f6f09d2-95f7-42dc-b6f1-aead319607f3
ID7404,Sulawesi Tenggara,Kolaka,265188,2020,8f6f09d2-95f7-42dc-b6f1-aead319607f3
ID7405,Sulawesi Tenggara,Konawe Selatan,315832,2020,8f6f09d2-95f7-42dc-b6f1-aead319607f3
ID7406,Sulawesi Tenggara,Bombana,180513,2020,8f6f09d2-95f7-42dc-b6f1-aead319607f3
ID7407,Sulawesi Tenggara,Wakatobi,102268,2020,8f6f09d2-95f7-42dc-b6f1-aead319607f3
ID7408,Sulawesi Tenggara,Kolaka Utara,152769,2020,8f6f09d2-95f7-42dc-b6f1-aead319607f3
ID7409,Sulawesi Tenggara,Buton Utara,63031,2020,8f6f09d2-95f7-42dc-b6f1-aead319607f3
ID7410,Sulawesi Tenggara,Konawe Utara,63894,2020,8f6f09d2-95f7-42dc-b6f1-aead319607f3
ID7411,Sulawesi Tenggara,Kolaka Timur,137432,2020,8f6f09d2-95f7-42dc-b6f1-aead319607f3
ID7412,Sulawesi Tenggara,Konawe Kepulauan,33329,2020,8f6f09d2-95f7-42dc-b6f1-aead319607f3
ID7413,Sulawesi Tenggara,Muna Barat,82188,2020,8f6f09d2-95f7-42dc-b6f1-aead319607f3
ID7414,Sulawesi Tenggara,Buton Tengah,92978,2020,8f6f09d2-95f7-42dc-b6f1-aead319607f3
ID7415,Sulawesi Tenggara,Buton Selatan,80002,2020,8f6f09d2-95f7-42dc-b6f1-aead319607f3
ID7471,Sulawesi Tenggara,Kota Kendari,391758,2020,8f6f09d2-95f7-42dc-b6f1-aead319607f3
ID7472,Sulawesi Tenggara,Kota Baubau,168890,2020,8f6f09d2-95f7-42dc-b6f1-aead319607f3
ID7501,Gorontalo,Boalemo,165250,2020,8f6f09d2-95f7-42dc-b6f1-aead319607f3
ID7502,Gorontalo,Gorontalo,375357,2020,8f6f09d2-95f7-42dc-b6f1-aead319607f3
ID7503,Gorontalo,Pohuwato,159740,2020,8f6f09d2-95f7-42dc-b6f1-aead319607f3
ID7504,Gorontalo,Bone Bolango,157511,2020,8f6f09d2-95f7-42dc-b6f1-aead319607f3
ID7505,Gorontalo,Gorontalo Utara,112140,2020,8f6f09d2-95f7-42dc-b6f1-aead319607f3
ID7571,Gorontalo,Kota Gorontalo,216263,2020,8f6f09d2-95f7-42dc-b6f1-aead319607f3
ID7601,Sulawesi Barat,Majene,173114,2020,8f6f09d2-95f7-42dc-b6f1-aead319607f3
ID7602,Sulawesi Barat,Polewali Mandar,439815,2020,8f6f09d2-95f7-42dc-b6f1-aead319607f3
ID7603,Sulawesi Barat,Mamasa,160666,2020,8f6f09d2-95f7-42dc-b6f1-aead319607f3
ID7604,Sulawesi Barat,Mamuju,294338,2020,8f6f09d2-95f7-42dc-b6f1-aead319607f3
ID7605,Sulawesi Barat,Mamuju Utara,175702,2020,8f6f09d2-95f7-42dc-b6f1-aead319607f3
ID7606,Sulawesi Barat,Mamuju Tengah,134475,2020,8f6f09d2-95f7-42dc-b6f1-aead319607f3
ID8101,Maluku,Maluku Tenggara Barat,112413,2020,8f6f09d2-95f7-42dc-b6f1-aead319607f3
ID8102,Maluku,Maluku Tenggara,100560,2020,8f6f09d2-95f7-42dc-b6f1-aead319607f3
ID8103,Maluku,Maluku Tengah,375414,2020,8f6f09d2-95f7-42dc-b6f1-aead319607f3
ID8104,Maluku,Buru,143691,2020,8f6f09d2-95f7-42dc-b6f1-aead319607f3
ID8105,Maluku,Kepulauan Aru,94303,2020,8f6f09d2-95f7-42dc-b6f1-aead319607f3
ID8106,Maluku,Seram Bagian Barat,172740,2020,8f6f09d2-95f7-42dc-b6f1-aead319607f3
ID8107,Maluku,Seram Bagian Timur,113036,2020,8f6f09d2-95f7-42dc-b6f1-aead319607f3
ID8108,Maluku,Maluku Barat Daya,73476,2020,8f6f09d2-95f7-42dc-b6f1-aead319607f3
ID8109,Maluku,Buru Selatan,62452,2020,8f6f09d2-95f7-42dc-b6f1-aead319607f3
ID8171,Maluku,Kota Ambon,463731,2020,8f6f09d2-95f7-42dc-b6f1-aead319607f3
ID8172,Maluku,Kota Tual,75271,2020,8f6f09d2-95f7-42dc-b6f1-aead319607f3
ID8201,Maluku Utara,Halmahera Barat,117361,2020,8f6f09d2-95f7-42dc-b6f1-aead319607f3
ID8202,Maluku Utara,Halmahera Tengah,55728,2020,8f6f09d2-95f7-42dc-b6f1-aead319607f3
ID8203,Maluku Utara,Kepulauan Sula,100848,2020,8f6f09d2-95f7-42dc-b6f1-aead319607f3
ID8204,Maluku Utara,Halmahera Selatan,233827,2020,8f6f09d2-95f7-42dc-b6f1-aead319607f3
ID8205,Maluku Utara,Halmahera Utara,192714,2020,8f6f09d2-95f7-42dc-b6f1-aead319607f3
ID8206,Maluku Utara,Halmahera Timur,95405,2020,8f6f09d2-95f7-42dc-b6f1-aead319607f3
ID8207,Maluku Utara,Pulau Morotai,67319,2020,8f6f09d2-95f7-42dc-b6f1-aead319607f3
ID8208,Maluku Utara,Pulau Taliabu,53675,2020,8f6f09d2-95f7-42dc-b6f1-aead319607f3
ID8271,Maluku Utara,Kota Ternate,234885,2020,8f6f09d2-95f7-42dc-b6f1-aead319607f3
ID8272,Maluku Utara,Kota Tidore Kepulauan,100555,2020,8f6f09d2-95f7-42dc-b6f1-aead319607f3
ID9101,Papua Barat,Fakfak,80034,2020,8f6f09d2-95f7-42dc-b6f1-aead319607f3
ID9102,Papua Barat,Kaimana,62948,2020,8f6f09d2-95f7-42dc-b6f1-aead319607f3
ID9103,Papua Barat,Teluk Wondama,33454,2020,8f6f09d2-95f7-42dc-b6f1-aead319607f3
ID9104,Papua Barat,Teluk Bintuni,66335,2020,8f6f09d2-95f7-42dc-b6f1-aead319607f3
ID9105,Papua Barat,Manokwari,171449,2020,8f6f09d2-95f7-42dc-b6f1-aead319607f3
ID9106,Papua Barat,Sorong Selatan,48588,2020,8f6f09d2-95f7-42dc-b6f1-aead319607f3
ID9107,Papua Barat,Sorong,91690,2020,8f6f09d2-95f7-42dc-b6f1-aead319607f3
ID9108,Papua Barat,Raja Ampat,49174,2020,8f6f09d2-95f7-42dc-b6f1-aead319607f3
ID9109,Papua Barat,Tambrauw,15397,2020,8f6f09d2-95f7-42dc-b6f1-aead319607f3
ID9110,Papua Barat,Maybrat,42244,2020,8f6f09d2-95f7-42dc-b6f1-aead319607f3
ID9111,Papua Barat,Manokwari Selatan,25554,2020,8f6f09d2-95f7-42dc-b6f1-aead319607f3
ID9112,Papua Barat,Pegunungan Arfak,33369,2020,8f6f09d2-95f7-42dc-b6f1-aead319607f3
ID9171,Papua Barat,Kota Sorong,265788,2020,8f6f09d2-95f7-42dc-b6f1-aead319607f3
ID9401,Papua,Merauke,232349,2020,8f6f09d2-95f7-42dc-b6f1-aead319607f3
ID9402,Papua,Jayawijaya,210415,2020,8f6f09d2-95f7-42dc-b6f1-aead319607f3
ID9403,Papua,Jayapura,127435,2020,8f6f09d2-95f7-42dc-b6f1-aead319607f3
ID9404,Papua,Nabire,146444,2020,8f6f09d2-95f7-42dc-b6f1-aead319607f3
ID9408,Papua,Kepulauan Yapen,97559,2020,8f6f09d2-95f7-42dc-b6f1-aead319607f3
ID9409,Papua,Biak Numfor,147662,2020,8f6f09d2-95f7-42dc-b6f1-aead319607f3
ID9410,Papua,Paniai,170303,2020,8f6f09d2-95f7-42dc-b6f1-aead319607f3
ID9411,Papua,Puncak Jaya,127159,2020,8f6f09d2-95f7-42dc-b6f1-aead319607f3
ID9412,Papua,Mimika,216468,2020,8f6f09d2-95f7-42dc-b6f1-aead319607f3
ID9413,Papua,Boven Digoel,68904,2020,8f6f09d2-95f7-42dc-b6f1-aead319607f3
ID9414,Papua,Mappi,100062,2020,8f6f09d2-95f7-42dc-b6f1-aead319607f3
ID9415,Papua,Asmat,99262,2020,8f6f09d2-95f7-42dc-b6f1-aead319607f3
ID9416,Papua,Yahukimo,193891,2020,8f6f09d2-95f7-42dc-b6f1-aead319607f3
ID9417,Papua,Pegunungan Bintang,76170,2020,8f6f09d2-95f7-42dc-b6f1-aead319607f3
ID9418,Papua,Tolikara,145626,2020,8f6f09d2-95f7-42dc-b6f1-aead319607f3
ID9419,Papua,Sarmi,39753,2020,8f6f09d2-95f7-42dc-b6f1-aead319607f3
ID9420,Papua,Keerom,57574,2020,8f6f09d2-95f7-42dc-b6f1-aead319607f3
ID9426,Papua,Waropen,31959,2020,8f6f09d2-95f7-42dc-b6f1-aead319607f3
ID9427,Papua,Supiori,20355,2020,8f6f09d2-95f7-42dc-b6f1-aead319607f3
ID9428,Papua,Mamberamo Raya,24049,2020,8f6f09d2-95f7-42dc-b6f1-aead319607f3
ID9429,Papua,Nduga,108545,2020,8f6f09d2-95f7-42dc-b6f1-aead319607f3
ID9430,Papua,Lanny Jaya,194886,2020,8f6f09d2-95f7-42dc-b6f1-aead319607f3
ID9431,Papua,Mamberamo Tengah,52555,2020,8f6f09d2-95f7-42dc-b6f1-aead319607f3
ID9432,Papua,Yalimo,66067,2020,8f6f09d2-95f7-42dc-b6f1-aead319607f3
ID9433,Papua,Puncak,111393,2020,8f6f09d2-95f7-42dc-b6f1-aead319607f3
ID9434,Papua,Dogiyai,97771,2020,8f6f09d2-95f7-42dc-b6f1-aead319607f3
ID9435,Papua,Intan Jaya,50499,2020,8f6f09d2-95f7-42dc-b6f1-aead319607f3
ID9436,Papua,Deiyai,75160,2020,8f6f09d2-95f7-42dc-b6f1-aead319607f3
ID9471,Papua,Kota Jayapura,302800,2020,8f6f09d2-95f7-42dc-b6f1-aead319607f3
